<?xml version="1.0" encoding="UTF-8"?>
<metadata xml:lang="en"><Esri><CreaDate>20230716</CreaDate><CreaTime>11521100</CreaTime><ArcGISFormat>1.0</ArcGISFormat><SyncOnce>FALSE</SyncOnce><DataProperties><itemProps><itemLocation><linkage Sync="TRUE">file://\\igskmncnfs016\mtbsfs1\temp\kbhattarai\MTBS\MTBS_QAQCs\Bi_weekly_QAQC\2022_fires\2023_4th_Qrelease\2023_4th_release_Data_Prep\Perim_final\mtbs_perims_DD.shp</linkage><protocol Sync="TRUE">Local Area Network</protocol></itemLocation><itemName Sync="TRUE">mtbs_perims_DD</itemName><imsContentType Sync="TRUE">002</imsContentType><itemSize Sync="TRUE">0.000</itemSize></itemProps><copyHistory><copy source="M:\rdas_change_detection\ancillary\mtbs_shape_templates\conus_fire_perim_update" dest="\\igskmncnfs016\mtbsfs1\rdas_change_detection\ancillary\mtbs_shape_templates\new_templates_04082020\conus_fire_perim_update" date="20200408" time="10532200"></copy></copyHistory><coordRef><type Sync="TRUE">Geographic</type><geogcsn Sync="TRUE">GCS_North_American_1983</geogcsn><csUnits Sync="TRUE">Angular Unit: Degree (0.017453)</csUnits><peXml Sync="TRUE">&lt;GeographicCoordinateSystem xsi:type='typens:GeographicCoordinateSystem' xmlns:xsi='http://www.w3.org/2001/XMLSchema-instance' xmlns:xs='http://www.w3.org/2001/XMLSchema' xmlns:typens='http://www.esri.com/schemas/ArcGIS/10.5'&gt;&lt;WKT&gt;GEOGCS[&amp;quot;GCS_North_American_1983&amp;quot;,DATUM[&amp;quot;D_North_American_1983&amp;quot;,SPHEROID[&amp;quot;GRS_1980&amp;quot;,6378137.0,298.257222101]],PRIMEM[&amp;quot;Greenwich&amp;quot;,0.0],UNIT[&amp;quot;Degree&amp;quot;,0.0174532925199433],AUTHORITY[&amp;quot;EPSG&amp;quot;,4269]]&lt;/WKT&gt;&lt;XOrigin&gt;-400&lt;/XOrigin&gt;&lt;YOrigin&gt;-400&lt;/YOrigin&gt;&lt;XYScale&gt;11258999068426.238&lt;/XYScale&gt;&lt;ZOrigin&gt;-100000&lt;/ZOrigin&gt;&lt;ZScale&gt;10000&lt;/ZScale&gt;&lt;MOrigin&gt;-100000&lt;/MOrigin&gt;&lt;MScale&gt;10000&lt;/MScale&gt;&lt;XYTolerance&gt;8.9831528411952133e-009&lt;/XYTolerance&gt;&lt;ZTolerance&gt;0.001&lt;/ZTolerance&gt;&lt;MTolerance&gt;0.001&lt;/MTolerance&gt;&lt;HighPrecision&gt;true&lt;/HighPrecision&gt;&lt;LeftLongitude&gt;-180&lt;/LeftLongitude&gt;&lt;WKID&gt;4269&lt;/WKID&gt;&lt;LatestWKID&gt;4269&lt;/LatestWKID&gt;&lt;/GeographicCoordinateSystem&gt;</peXml></coordRef><lineage><Process ToolSource="c:\arcgis\pro\Resources\ArcToolbox\toolboxes\Data Management Tools.tbx\CopyFeatures" Date="20230712" Time="103115">CopyFeatures M:\rdas_change_detection\ancillary\mtbs_shape_templates\new_templates_04082020\conus_fire_perim.shp M:\temp\kbhattarai\kbhattarai\MTBS_QA_Data_Release\ETD_Review\4th_release_2023\Data_prep\Fire_perims\1984\1984_mtbs_perims_DD.shp # # # #</Process><Process ToolSource="c:\arcgis\desktop10.5\ArcToolbox\Toolboxes\Data Management Tools.tbx\Merge" Date="20230712" Time="143017">Merge 1984_mtbs_perims_DD;1985_mtbs_perims_DD;1986_mtbs_perims_DD;1987_mtbs_perims_DD;1988_mtbs_perims_DD;1989_mtbs_perims_DD;1990_mtbs_perims_DD M:\temp\kbhattarai\kbhattarai\MTBS_QA_Data_Release\ETD_Review\4th_release_2023\Data_prep\Fire_perims\1984_1990.shp "Event_ID "Event_ID" true true false 254 Text 0 0 ,First,#,1984_mtbs_perims_DD,Event_ID,-1,-1,1985_mtbs_perims_DD,Event_ID,-1,-1,1986_mtbs_perims_DD,Event_ID,-1,-1,1987_mtbs_perims_DD,Event_ID,-1,-1,1988_mtbs_perims_DD,Event_ID,-1,-1,1989_mtbs_perims_DD,Event_ID,-1,-1,1990_mtbs_perims_DD,Event_ID,-1,-1;irwinID "irwinID" true true false 254 Text 0 0 ,First,#,1984_mtbs_perims_DD,irwinID,-1,-1,1985_mtbs_perims_DD,irwinID,-1,-1,1986_mtbs_perims_DD,irwinID,-1,-1,1987_mtbs_perims_DD,irwinID,-1,-1,1988_mtbs_perims_DD,irwinID,-1,-1,1989_mtbs_perims_DD,irwinID,-1,-1,1990_mtbs_perims_DD,irwinID,-1,-1;Incid_Name "Incid_Name" true true false 254 Text 0 0 ,First,#,1984_mtbs_perims_DD,Incid_Name,-1,-1,1985_mtbs_perims_DD,Incid_Name,-1,-1,1986_mtbs_perims_DD,Incid_Name,-1,-1,1987_mtbs_perims_DD,Incid_Name,-1,-1,1988_mtbs_perims_DD,Incid_Name,-1,-1,1989_mtbs_perims_DD,Incid_Name,-1,-1,1990_mtbs_perims_DD,Incid_Name,-1,-1;Incid_Type "Incid_Type" true true false 254 Text 0 0 ,First,#,1984_mtbs_perims_DD,Incid_Type,-1,-1,1985_mtbs_perims_DD,Incid_Type,-1,-1,1986_mtbs_perims_DD,Incid_Type,-1,-1,1987_mtbs_perims_DD,Incid_Type,-1,-1,1988_mtbs_perims_DD,Incid_Type,-1,-1,1989_mtbs_perims_DD,Incid_Type,-1,-1,1990_mtbs_perims_DD,Incid_Type,-1,-1;Map_ID "Map_ID" true true false 10 Long 0 10 ,First,#,1984_mtbs_perims_DD,Map_ID,-1,-1,1985_mtbs_perims_DD,Map_ID,-1,-1,1986_mtbs_perims_DD,Map_ID,-1,-1,1987_mtbs_perims_DD,Map_ID,-1,-1,1988_mtbs_perims_DD,Map_ID,-1,-1,1989_mtbs_perims_DD,Map_ID,-1,-1,1990_mtbs_perims_DD,Map_ID,-1,-1;Map_Prog "Map_Prog" true true false 254 Text 0 0 ,First,#,1984_mtbs_perims_DD,Map_Prog,-1,-1,1985_mtbs_perims_DD,Map_Prog,-1,-1,1986_mtbs_perims_DD,Map_Prog,-1,-1,1987_mtbs_perims_DD,Map_Prog,-1,-1,1988_mtbs_perims_DD,Map_Prog,-1,-1,1989_mtbs_perims_DD,Map_Prog,-1,-1,1990_mtbs_perims_DD,Map_Prog,-1,-1;Asmnt_Type "Asmnt_Type" true true false 254 Text 0 0 ,First,#,1984_mtbs_perims_DD,Asmnt_Type,-1,-1,1985_mtbs_perims_DD,Asmnt_Type,-1,-1,1986_mtbs_perims_DD,Asmnt_Type,-1,-1,1987_mtbs_perims_DD,Asmnt_Type,-1,-1,1988_mtbs_perims_DD,Asmnt_Type,-1,-1,1989_mtbs_perims_DD,Asmnt_Type,-1,-1,1990_mtbs_perims_DD,Asmnt_Type,-1,-1;BurnBndAc "BurnBndAc" true true false 10 Long 0 10 ,First,#,1984_mtbs_perims_DD,BurnBndAc,-1,-1,1985_mtbs_perims_DD,BurnBndAc,-1,-1,1986_mtbs_perims_DD,BurnBndAc,-1,-1,1987_mtbs_perims_DD,BurnBndAc,-1,-1,1988_mtbs_perims_DD,BurnBndAc,-1,-1,1989_mtbs_perims_DD,BurnBndAc,-1,-1,1990_mtbs_perims_DD,BurnBndAc,-1,-1;BurnBndLat "BurnBndLat" true true false 10 Text 0 0 ,First,#,1984_mtbs_perims_DD,BurnBndLat,-1,-1,1985_mtbs_perims_DD,BurnBndLat,-1,-1,1986_mtbs_perims_DD,BurnBndLat,-1,-1,1987_mtbs_perims_DD,BurnBndLat,-1,-1,1988_mtbs_perims_DD,BurnBndLat,-1,-1,1989_mtbs_perims_DD,BurnBndLat,-1,-1,1990_mtbs_perims_DD,BurnBndLat,-1,-1;BurnBndLon "BurnBndLon" true true false 10 Text 0 0 ,First,#,1984_mtbs_perims_DD,BurnBndLon,-1,-1,1985_mtbs_perims_DD,BurnBndLon,-1,-1,1986_mtbs_perims_DD,BurnBndLon,-1,-1,1987_mtbs_perims_DD,BurnBndLon,-1,-1,1988_mtbs_perims_DD,BurnBndLon,-1,-1,1989_mtbs_perims_DD,BurnBndLon,-1,-1,1990_mtbs_perims_DD,BurnBndLon,-1,-1;Ig_Date "Ig_Date" true true false 8 Date 0 0 ,First,#,1984_mtbs_perims_DD,Ig_Date,-1,-1,1985_mtbs_perims_DD,Ig_Date,-1,-1,1986_mtbs_perims_DD,Ig_Date,-1,-1,1987_mtbs_perims_DD,Ig_Date,-1,-1,1988_mtbs_perims_DD,Ig_Date,-1,-1,1989_mtbs_perims_DD,Ig_Date,-1,-1,1990_mtbs_perims_DD,Ig_Date,-1,-1;Pre_ID "Pre_ID" true true false 254 Text 0 0 ,First,#,1984_mtbs_perims_DD,Pre_ID,-1,-1,1985_mtbs_perims_DD,Pre_ID,-1,-1,1986_mtbs_perims_DD,Pre_ID,-1,-1,1987_mtbs_perims_DD,Pre_ID,-1,-1,1988_mtbs_perims_DD,Pre_ID,-1,-1,1989_mtbs_perims_DD,Pre_ID,-1,-1,1990_mtbs_perims_DD,Pre_ID,-1,-1;Post_ID "Post_ID" true true false 254 Text 0 0 ,First,#,1984_mtbs_perims_DD,Post_ID,-1,-1,1985_mtbs_perims_DD,Post_ID,-1,-1,1986_mtbs_perims_DD,Post_ID,-1,-1,1987_mtbs_perims_DD,Post_ID,-1,-1,1988_mtbs_perims_DD,Post_ID,-1,-1,1989_mtbs_perims_DD,Post_ID,-1,-1,1990_mtbs_perims_DD,Post_ID,-1,-1;Perim_ID "Perim_ID" true true false 254 Text 0 0 ,First,#,1984_mtbs_perims_DD,Perim_ID,-1,-1,1985_mtbs_perims_DD,Perim_ID,-1,-1,1986_mtbs_perims_DD,Perim_ID,-1,-1,1987_mtbs_perims_DD,Perim_ID,-1,-1,1988_mtbs_perims_DD,Perim_ID,-1,-1,1989_mtbs_perims_DD,Perim_ID,-1,-1,1990_mtbs_perims_DD,Perim_ID,-1,-1;dNBR_offst "dNBR_offst" true true false 10 Long 0 10 ,First,#,1984_mtbs_perims_DD,dNBR_offst,-1,-1,1985_mtbs_perims_DD,dNBR_offst,-1,-1,1986_mtbs_perims_DD,dNBR_offst,-1,-1,1987_mtbs_perims_DD,dNBR_offst,-1,-1,1988_mtbs_perims_DD,dNBR_offst,-1,-1,1989_mtbs_perims_DD,dNBR_offst,-1,-1,1990_mtbs_perims_DD,dNBR_offst,-1,-1;dNBR_stdDv "dNBR_stdDv" true true false 10 Long 0 10 ,First,#,1984_mtbs_perims_DD,dNBR_stdDv,-1,-1,1985_mtbs_perims_DD,dNBR_stdDv,-1,-1,1986_mtbs_perims_DD,dNBR_stdDv,-1,-1,1987_mtbs_perims_DD,dNBR_stdDv,-1,-1,1988_mtbs_perims_DD,dNBR_stdDv,-1,-1,1989_mtbs_perims_DD,dNBR_stdDv,-1,-1,1990_mtbs_perims_DD,dNBR_stdDv,-1,-1;NoData_T "NoData_T" true true false 10 Long 0 10 ,First,#,1984_mtbs_perims_DD,NoData_T,-1,-1,1985_mtbs_perims_DD,NoData_T,-1,-1,1986_mtbs_perims_DD,NoData_T,-1,-1,1987_mtbs_perims_DD,NoData_T,-1,-1,1988_mtbs_perims_DD,NoData_T,-1,-1,1989_mtbs_perims_DD,NoData_T,-1,-1,1990_mtbs_perims_DD,NoData_T,-1,-1;IncGreen_T "IncGreen_T" true true false 10 Long 0 10 ,First,#,1984_mtbs_perims_DD,IncGreen_T,-1,-1,1985_mtbs_perims_DD,IncGreen_T,-1,-1,1986_mtbs_perims_DD,IncGreen_T,-1,-1,1987_mtbs_perims_DD,IncGreen_T,-1,-1,1988_mtbs_perims_DD,IncGreen_T,-1,-1,1989_mtbs_perims_DD,IncGreen_T,-1,-1,1990_mtbs_perims_DD,IncGreen_T,-1,-1;Low_T "Low_T" true true false 10 Long 0 10 ,First,#,1984_mtbs_perims_DD,Low_T,-1,-1,1985_mtbs_perims_DD,Low_T,-1,-1,1986_mtbs_perims_DD,Low_T,-1,-1,1987_mtbs_perims_DD,Low_T,-1,-1,1988_mtbs_perims_DD,Low_T,-1,-1,1989_mtbs_perims_DD,Low_T,-1,-1,1990_mtbs_perims_DD,Low_T,-1,-1;Mod_T "Mod_T" true true false 10 Long 0 10 ,First,#,1984_mtbs_perims_DD,Mod_T,-1,-1,1985_mtbs_perims_DD,Mod_T,-1,-1,1986_mtbs_perims_DD,Mod_T,-1,-1,1987_mtbs_perims_DD,Mod_T,-1,-1,1988_mtbs_perims_DD,Mod_T,-1,-1,1989_mtbs_perims_DD,Mod_T,-1,-1,1990_mtbs_perims_DD,Mod_T,-1,-1;High_T "High_T" true true false 10 Long 0 10 ,First,#,1984_mtbs_perims_DD,High_T,-1,-1,1985_mtbs_perims_DD,High_T,-1,-1,1986_mtbs_perims_DD,High_T,-1,-1,1987_mtbs_perims_DD,High_T,-1,-1,1988_mtbs_perims_DD,High_T,-1,-1,1989_mtbs_perims_DD,High_T,-1,-1,1990_mtbs_perims_DD,High_T,-1,-1;Comment "Comment" true true false 254 Text 0 0 ,First,#,1984_mtbs_perims_DD,Comment,-1,-1,1985_mtbs_perims_DD,Comment,-1,-1,1986_mtbs_perims_DD,Comment,-1,-1,1987_mtbs_perims_DD,Comment,-1,-1,1988_mtbs_perims_DD,Comment,-1,-1,1989_mtbs_perims_DD,Comment,-1,-1,1990_mtbs_perims_DD,Comment,-1,-1"</Process><Process ToolSource="c:\arcgis\desktop10.5\ArcToolbox\Toolboxes\Data Management Tools.tbx\Merge" Date="20230716" Time="114849">Merge 1984_1990;1991_1995;1996_2000;2001_2005;2006_2010;2011_2015;2016_2021 M:\temp\kbhattarai\kbhattarai\MTBS_QA_Data_Release\ETD_Review\4th_release_2023\Data_prep\Fire_perims\1984-2021\mtbs_perims_1984_2021_new.shp "Event_ID "Event_ID" true true false 254 Text 0 0 ,First,#,1984_1990,Event_ID,-1,-1,1991_1995,Event_ID,-1,-1,1996_2000,Event_ID,-1,-1,2001_2005,Event_ID,-1,-1,2006_2010,Event_ID,-1,-1,2011_2015,Event_ID,-1,-1,2016_2021,Event_ID,-1,-1;irwinID "irwinID" true true false 254 Text 0 0 ,First,#,1984_1990,irwinID,-1,-1,1991_1995,irwinID,-1,-1,1996_2000,irwinID,-1,-1,2001_2005,irwinID,-1,-1,2006_2010,irwinID,-1,-1,2011_2015,irwinID,-1,-1,2016_2021,irwinID,-1,-1;Incid_Name "Incid_Name" true true false 254 Text 0 0 ,First,#,1984_1990,Incid_Name,-1,-1,1991_1995,Incid_Name,-1,-1,1996_2000,Incid_Name,-1,-1,2001_2005,Incid_Name,-1,-1,2006_2010,Incid_Name,-1,-1,2011_2015,Incid_Name,-1,-1,2016_2021,Incid_Name,-1,-1;Incid_Type "Incid_Type" true true false 254 Text 0 0 ,First,#,1984_1990,Incid_Type,-1,-1,1991_1995,Incid_Type,-1,-1,1996_2000,Incid_Type,-1,-1,2001_2005,Incid_Type,-1,-1,2006_2010,Incid_Type,-1,-1,2011_2015,Incid_Type,-1,-1,2016_2021,Incid_Type,-1,-1;Map_ID "Map_ID" true true false 10 Long 0 10 ,First,#,1984_1990,Map_ID,-1,-1,1991_1995,Map_ID,-1,-1,1996_2000,Map_ID,-1,-1,2001_2005,Map_ID,-1,-1,2006_2010,Map_ID,-1,-1,2011_2015,Map_ID,-1,-1,2016_2021,Map_ID,-1,-1;Map_Prog "Map_Prog" true true false 254 Text 0 0 ,First,#,1984_1990,Map_Prog,-1,-1,1991_1995,Map_Prog,-1,-1,1996_2000,Map_Prog,-1,-1,2001_2005,Map_Prog,-1,-1,2006_2010,Map_Prog,-1,-1,2011_2015,Map_Prog,-1,-1,2016_2021,Map_Prog,-1,-1;Asmnt_Type "Asmnt_Type" true true false 254 Text 0 0 ,First,#,1984_1990,Asmnt_Type,-1,-1,1991_1995,Asmnt_Type,-1,-1,1996_2000,Asmnt_Type,-1,-1,2001_2005,Asmnt_Type,-1,-1,2006_2010,Asmnt_Type,-1,-1,2011_2015,Asmnt_Type,-1,-1,2016_2021,Asmnt_Type,-1,-1;BurnBndAc "BurnBndAc" true true false 10 Long 0 10 ,First,#,1984_1990,BurnBndAc,-1,-1,1991_1995,BurnBndAc,-1,-1,1996_2000,BurnBndAc,-1,-1,2001_2005,BurnBndAc,-1,-1,2006_2010,BurnBndAc,-1,-1,2011_2015,BurnBndAc,-1,-1,2016_2021,BurnBndAc,-1,-1;BurnBndLat "BurnBndLat" true true false 10 Text 0 0 ,First,#,1984_1990,BurnBndLat,-1,-1,1991_1995,BurnBndLat,-1,-1,1996_2000,BurnBndLat,-1,-1,2001_2005,BurnBndLat,-1,-1,2006_2010,BurnBndLat,-1,-1,2011_2015,BurnBndLat,-1,-1,2016_2021,BurnBndLat,-1,-1;BurnBndLon "BurnBndLon" true true false 10 Text 0 0 ,First,#,1984_1990,BurnBndLon,-1,-1,1991_1995,BurnBndLon,-1,-1,1996_2000,BurnBndLon,-1,-1,2001_2005,BurnBndLon,-1,-1,2006_2010,BurnBndLon,-1,-1,2011_2015,BurnBndLon,-1,-1,2016_2021,BurnBndLon,-1,-1;Ig_Date "Ig_Date" true true false 8 Date 0 0 ,First,#,1984_1990,Ig_Date,-1,-1,1991_1995,Ig_Date,-1,-1,1996_2000,Ig_Date,-1,-1,2001_2005,Ig_Date,-1,-1,2006_2010,Ig_Date,-1,-1,2011_2015,Ig_Date,-1,-1,2016_2021,Ig_Date,-1,-1;Pre_ID "Pre_ID" true true false 254 Text 0 0 ,First,#,1984_1990,Pre_ID,-1,-1,1991_1995,Pre_ID,-1,-1,1996_2000,Pre_ID,-1,-1,2001_2005,Pre_ID,-1,-1,2006_2010,Pre_ID,-1,-1,2011_2015,Pre_ID,-1,-1,2016_2021,Pre_ID,-1,-1;Post_ID "Post_ID" true true false 254 Text 0 0 ,First,#,1984_1990,Post_ID,-1,-1,1991_1995,Post_ID,-1,-1,1996_2000,Post_ID,-1,-1,2001_2005,Post_ID,-1,-1,2006_2010,Post_ID,-1,-1,2011_2015,Post_ID,-1,-1,2016_2021,Post_ID,-1,-1;Perim_ID "Perim_ID" true true false 254 Text 0 0 ,First,#,1984_1990,Perim_ID,-1,-1,1991_1995,Perim_ID,-1,-1,1996_2000,Perim_ID,-1,-1,2001_2005,Perim_ID,-1,-1,2006_2010,Perim_ID,-1,-1,2011_2015,Perim_ID,-1,-1,2016_2021,Perim_ID,-1,-1;dNBR_offst "dNBR_offst" true true false 10 Long 0 10 ,First,#,1984_1990,dNBR_offst,-1,-1,1991_1995,dNBR_offst,-1,-1,1996_2000,dNBR_offst,-1,-1,2001_2005,dNBR_offst,-1,-1,2006_2010,dNBR_offst,-1,-1,2011_2015,dNBR_offst,-1,-1,2016_2021,dNBR_offst,-1,-1;dNBR_stdDv "dNBR_stdDv" true true false 10 Long 0 10 ,First,#,1984_1990,dNBR_stdDv,-1,-1,1991_1995,dNBR_stdDv,-1,-1,1996_2000,dNBR_stdDv,-1,-1,2001_2005,dNBR_stdDv,-1,-1,2006_2010,dNBR_stdDv,-1,-1,2011_2015,dNBR_stdDv,-1,-1,2016_2021,dNBR_stdDv,-1,-1;NoData_T "NoData_T" true true false 10 Long 0 10 ,First,#,1984_1990,NoData_T,-1,-1,1991_1995,NoData_T,-1,-1,1996_2000,NoData_T,-1,-1,2001_2005,NoData_T,-1,-1,2006_2010,NoData_T,-1,-1,2011_2015,NoData_T,-1,-1,2016_2021,NoData_T,-1,-1;IncGreen_T "IncGreen_T" true true false 10 Long 0 10 ,First,#,1984_1990,IncGreen_T,-1,-1,1991_1995,IncGreen_T,-1,-1,1996_2000,IncGreen_T,-1,-1,2001_2005,IncGreen_T,-1,-1,2006_2010,IncGreen_T,-1,-1,2011_2015,IncGreen_T,-1,-1,2016_2021,IncGreen_T,-1,-1;Low_T "Low_T" true true false 10 Long 0 10 ,First,#,1984_1990,Low_T,-1,-1,1991_1995,Low_T,-1,-1,1996_2000,Low_T,-1,-1,2001_2005,Low_T,-1,-1,2006_2010,Low_T,-1,-1,2011_2015,Low_T,-1,-1,2016_2021,Low_T,-1,-1;Mod_T "Mod_T" true true false 10 Long 0 10 ,First,#,1984_1990,Mod_T,-1,-1,1991_1995,Mod_T,-1,-1,1996_2000,Mod_T,-1,-1,2001_2005,Mod_T,-1,-1,2006_2010,Mod_T,-1,-1,2011_2015,Mod_T,-1,-1,2016_2021,Mod_T,-1,-1;High_T "High_T" true true false 10 Long 0 10 ,First,#,1984_1990,High_T,-1,-1,1991_1995,High_T,-1,-1,1996_2000,High_T,-1,-1,2001_2005,High_T,-1,-1,2006_2010,High_T,-1,-1,2011_2015,High_T,-1,-1,2016_2021,High_T,-1,-1;Comment "Comment" true true false 254 Text 0 0 ,First,#,1984_1990,Comment,-1,-1,1991_1995,Comment,-1,-1,1996_2000,Comment,-1,-1,2001_2005,Comment,-1,-1,2006_2010,Comment,-1,-1,2011_2015,Comment,-1,-1,2016_2021,Comment,-1,-1"</Process><Process ToolSource="c:\arcgis\desktop10.5\ArcToolbox\Toolboxes\Data Management Tools.tbx\Project" Date="20230716" Time="115215">Project M:\temp\kbhattarai\kbhattarai\MTBS_QA_Data_Release\ETD_Review\4th_release_2023\Data_prep\Fire_perims\1984-2021\mtbs_perims_1984_2021_new.shp M:\temp\kbhattarai\kbhattarai\MTBS_QA_Data_Release\ETD_Review\4th_release_2023\Data_prep\Fire_perims\1984-2021\Projected_Perims\mtbs_DD\mtbs_perims_DD.shp GEOGCS['GCS_North_American_1983',DATUM['D_North_American_1983',SPHEROID['GRS_1980',6378137.0,298.257222101]],PRIMEM['Greenwich',0.0],UNIT['Degree',0.0174532925199433]] # GEOGCS['GCS_North_American_1983',DATUM['D_North_American_1983',SPHEROID['GRS_1980',6378137.0,298.257222101]],PRIMEM['Greenwich',0.0],UNIT['Degree',0.0174532925199433]] NO_PRESERVE_SHAPE # NO_VERTICAL</Process><Process ToolSource="c:\arcgis\desktop10.5\ArcToolbox\Toolboxes\Data Management Tools.tbx\Merge" Date="20231006" Time="103008">Merge mtbs_perims_DD;mtbs_perims_DD2022 M:\temp\kbhattarai\MTBS\MTBS_QAQCs\Bi_weekly_QAQC\2022_fires\2023_4th_Qrelease\2023_4th_release_Data_Prep\Perim_final\mtbs_perims_DD.shp "Event_ID "Event_ID" true true false 254 Text 0 0 ,First,#,mtbs_perims_DD,Event_ID,-1,-1,mtbs_perims_DD2022,Event_ID,-1,-1;irwinID "irwinID" true true false 254 Text 0 0 ,First,#,mtbs_perims_DD,irwinID,-1,-1,mtbs_perims_DD2022,irwinID,-1,-1;Incid_Name "Incid_Name" true true false 254 Text 0 0 ,First,#,mtbs_perims_DD,Incid_Name,-1,-1,mtbs_perims_DD2022,Incid_Name,-1,-1;Incid_Type "Incid_Type" true true false 254 Text 0 0 ,First,#,mtbs_perims_DD,Incid_Type,-1,-1,mtbs_perims_DD2022,Incid_Type,-1,-1;Map_ID "Map_ID" true true false 10 Long 0 10 ,First,#,mtbs_perims_DD,Map_ID,-1,-1,mtbs_perims_DD2022,Map_ID,-1,-1;Map_Prog "Map_Prog" true true false 254 Text 0 0 ,First,#,mtbs_perims_DD,Map_Prog,-1,-1,mtbs_perims_DD2022,Map_Prog,-1,-1;Asmnt_Type "Asmnt_Type" true true false 254 Text 0 0 ,First,#,mtbs_perims_DD,Asmnt_Type,-1,-1,mtbs_perims_DD2022,Asmnt_Type,-1,-1;BurnBndAc "BurnBndAc" true true false 10 Long 0 10 ,First,#,mtbs_perims_DD,BurnBndAc,-1,-1,mtbs_perims_DD2022,BurnBndAc,-1,-1;BurnBndLat "BurnBndLat" true true false 10 Text 0 0 ,First,#,mtbs_perims_DD,BurnBndLat,-1,-1,mtbs_perims_DD2022,BurnBndLat,-1,-1;BurnBndLon "BurnBndLon" true true false 10 Text 0 0 ,First,#,mtbs_perims_DD,BurnBndLon,-1,-1,mtbs_perims_DD2022,BurnBndLon,-1,-1;Ig_Date "Ig_Date" true true false 8 Date 0 0 ,First,#,mtbs_perims_DD,Ig_Date,-1,-1,mtbs_perims_DD2022,Ig_Date,-1,-1;Pre_ID "Pre_ID" true true false 254 Text 0 0 ,First,#,mtbs_perims_DD,Pre_ID,-1,-1,mtbs_perims_DD2022,Pre_ID,-1,-1;Post_ID "Post_ID" true true false 254 Text 0 0 ,First,#,mtbs_perims_DD,Post_ID,-1,-1,mtbs_perims_DD2022,Post_ID,-1,-1;Perim_ID "Perim_ID" true true false 254 Text 0 0 ,First,#,mtbs_perims_DD,Perim_ID,-1,-1,mtbs_perims_DD2022,Perim_ID,-1,-1;dNBR_offst "dNBR_offst" true true false 10 Long 0 10 ,First,#,mtbs_perims_DD,dNBR_offst,-1,-1,mtbs_perims_DD2022,dNBR_offst,-1,-1;dNBR_stdDv "dNBR_stdDv" true true false 10 Long 0 10 ,First,#,mtbs_perims_DD,dNBR_stdDv,-1,-1,mtbs_perims_DD2022,dNBR_stdDv,-1,-1;NoData_T "NoData_T" true true false 10 Long 0 10 ,First,#,mtbs_perims_DD,NoData_T,-1,-1,mtbs_perims_DD2022,NoData_T,-1,-1;IncGreen_T "IncGreen_T" true true false 10 Long 0 10 ,First,#,mtbs_perims_DD,IncGreen_T,-1,-1,mtbs_perims_DD2022,IncGreen_T,-1,-1;Low_T "Low_T" true true false 10 Long 0 10 ,First,#,mtbs_perims_DD,Low_T,-1,-1,mtbs_perims_DD2022,Low_T,-1,-1;Mod_T "Mod_T" true true false 10 Long 0 10 ,First,#,mtbs_perims_DD,Mod_T,-1,-1,mtbs_perims_DD2022,Mod_T,-1,-1;High_T "High_T" true true false 10 Long 0 10 ,First,#,mtbs_perims_DD,High_T,-1,-1,mtbs_perims_DD2022,High_T,-1,-1;Comment "Comment" true true false 254 Text 0 0 ,First,#,mtbs_perims_DD,Comment,-1,-1,mtbs_perims_DD2022,Comment,-1,-1"</Process></lineage></DataProperties><SyncDate>20231006</SyncDate><SyncTime>10293500</SyncTime><ModDate>20231006</ModDate><ModTime>10293500</ModTime></Esri><dataIdInfo><envirDesc Sync="TRUE"> Version 6.2 (Build 9200) ; Esri ArcGIS 10.5.1.7333</envirDesc><dataLang><languageCode value="eng" Sync="TRUE"></languageCode><countryCode value="USA" Sync="TRUE"></countryCode></dataLang><idCitation><resTitle Sync="TRUE">mtbs_perims_DD</resTitle><presForm><PresFormCd value="005" Sync="TRUE"></PresFormCd></presForm></idCitation><spatRpType><SpatRepTypCd value="001" Sync="TRUE"></SpatRepTypCd></spatRpType></dataIdInfo><mdLang><languageCode value="eng" Sync="TRUE"></languageCode><countryCode value="USA" Sync="TRUE"></countryCode></mdLang><mdChar><CharSetCd value="004" Sync="TRUE"></CharSetCd></mdChar><distInfo><distFormat><formatName Sync="TRUE">Shapefile</formatName></distFormat><distTranOps><transSize Sync="TRUE">0.000</transSize></distTranOps></distInfo><mdHrLv><ScopeCd value="005" Sync="TRUE"></ScopeCd></mdHrLv><mdHrLvName Sync="TRUE">dataset</mdHrLvName><refSysInfo><RefSystem><refSysID><identCode code="4269" Sync="TRUE"></identCode><idCodeSpace Sync="TRUE">EPSG</idCodeSpace><idVersion Sync="TRUE">6.12(3.0.1)</idVersion></refSysID></RefSystem></refSysInfo><spatRepInfo><VectSpatRep><geometObjs Name="mtbs_perims_DD"><geoObjTyp><GeoObjTypCd value="002" Sync="TRUE"></GeoObjTypCd></geoObjTyp><geoObjCnt Sync="TRUE">0</geoObjCnt></geometObjs><topLvl><TopoLevCd value="001" Sync="TRUE"></TopoLevCd></topLvl></VectSpatRep></spatRepInfo><spdoinfo><ptvctinf><esriterm Name="mtbs_perims_DD"><efeatyp Sync="TRUE">Simple</efeatyp><efeageom code="4" Sync="TRUE"></efeageom><esritopo Sync="TRUE">FALSE</esritopo><efeacnt Sync="TRUE">0</efeacnt><spindex Sync="TRUE">FALSE</spindex><linrefer Sync="TRUE">FALSE</linrefer></esriterm></ptvctinf></spdoinfo><eainfo><detailed Name="mtbs_perims_DD"><enttyp><enttypl Sync="TRUE">mtbs_perims_DD</enttypl><enttypt Sync="TRUE">Feature Class</enttypt><enttypc Sync="TRUE">0</enttypc></enttyp><attr><attrlabl Sync="TRUE">FID</attrlabl><attalias Sync="TRUE">FID</attalias><attrtype Sync="TRUE">OID</attrtype><attwidth Sync="TRUE">4</attwidth><atprecis Sync="TRUE">0</atprecis><attscale Sync="TRUE">0</attscale><attrdef Sync="TRUE">Internal feature number.</attrdef><attrdefs Sync="TRUE">Esri</attrdefs><attrdomv><udom Sync="TRUE">Sequential unique whole numbers that are automatically generated.</udom></attrdomv></attr><attr><attrlabl Sync="TRUE">Shape</attrlabl><attalias Sync="TRUE">Shape</attalias><attrtype Sync="TRUE">Geometry</attrtype><attwidth Sync="TRUE">0</attwidth><atprecis Sync="TRUE">0</atprecis><attscale Sync="TRUE">0</attscale><attrdef Sync="TRUE">Feature geometry.</attrdef><attrdefs Sync="TRUE">Esri</attrdefs><attrdomv><udom Sync="TRUE">Coordinates defining the features.</udom></attrdomv></attr><attr><attrlabl Sync="TRUE">Event_ID</attrlabl><attalias Sync="TRUE">Event_ID</attalias><attrtype Sync="TRUE">String</attrtype><attwidth Sync="TRUE">254</attwidth><atprecis Sync="TRUE">0</atprecis><attscale Sync="TRUE">0</attscale></attr><attr><attrlabl Sync="TRUE">irwinID</attrlabl><attalias Sync="TRUE">irwinID</attalias><attrtype Sync="TRUE">String</attrtype><attwidth Sync="TRUE">254</attwidth><atprecis Sync="TRUE">0</atprecis><attscale Sync="TRUE">0</attscale></attr><attr><attrlabl Sync="TRUE">Incid_Name</attrlabl><attalias Sync="TRUE">Incid_Name</attalias><attrtype Sync="TRUE">String</attrtype><attwidth Sync="TRUE">254</attwidth><atprecis Sync="TRUE">0</atprecis><attscale Sync="TRUE">0</attscale></attr><attr><attrlabl Sync="TRUE">Incid_Type</attrlabl><attalias Sync="TRUE">Incid_Type</attalias><attrtype Sync="TRUE">String</attrtype><attwidth Sync="TRUE">254</attwidth><atprecis Sync="TRUE">0</atprecis><attscale Sync="TRUE">0</attscale></attr><attr><attrlabl Sync="TRUE">Map_ID</attrlabl><attalias Sync="TRUE">Map_ID</attalias><attrtype Sync="TRUE">Integer</attrtype><attwidth Sync="TRUE">10</attwidth><atprecis Sync="TRUE">10</atprecis><attscale Sync="TRUE">0</attscale></attr><attr><attrlabl Sync="TRUE">Map_Prog</attrlabl><attalias Sync="TRUE">Map_Prog</attalias><attrtype Sync="TRUE">String</attrtype><attwidth Sync="TRUE">254</attwidth><atprecis Sync="TRUE">0</atprecis><attscale Sync="TRUE">0</attscale></attr><attr><attrlabl Sync="TRUE">Asmnt_Type</attrlabl><attalias Sync="TRUE">Asmnt_Type</attalias><attrtype Sync="TRUE">String</attrtype><attwidth Sync="TRUE">254</attwidth><atprecis Sync="TRUE">0</atprecis><attscale Sync="TRUE">0</attscale></attr><attr><attrlabl Sync="TRUE">BurnBndAc</attrlabl><attalias Sync="TRUE">BurnBndAc</attalias><attrtype Sync="TRUE">Integer</attrtype><attwidth Sync="TRUE">10</attwidth><atprecis Sync="TRUE">10</atprecis><attscale Sync="TRUE">0</attscale></attr><attr><attrlabl Sync="TRUE">BurnBndLat</attrlabl><attalias Sync="TRUE">BurnBndLat</attalias><attrtype Sync="TRUE">String</attrtype><attwidth Sync="TRUE">10</attwidth><atprecis Sync="TRUE">0</atprecis><attscale Sync="TRUE">0</attscale></attr><attr><attrlabl Sync="TRUE">BurnBndLon</attrlabl><attalias Sync="TRUE">BurnBndLon</attalias><attrtype Sync="TRUE">String</attrtype><attwidth Sync="TRUE">10</attwidth><atprecis Sync="TRUE">0</atprecis><attscale Sync="TRUE">0</attscale></attr><attr><attrlabl Sync="TRUE">Ig_Date</attrlabl><attalias Sync="TRUE">Ig_Date</attalias><attrtype Sync="TRUE">Date</attrtype><attwidth Sync="TRUE">8</attwidth><atprecis Sync="TRUE">0</atprecis><attscale Sync="TRUE">0</attscale></attr><attr><attrlabl Sync="TRUE">Pre_ID</attrlabl><attalias Sync="TRUE">Pre_ID</attalias><attrtype Sync="TRUE">String</attrtype><attwidth Sync="TRUE">254</attwidth><atprecis Sync="TRUE">0</atprecis><attscale Sync="TRUE">0</attscale></attr><attr><attrlabl Sync="TRUE">Post_ID</attrlabl><attalias Sync="TRUE">Post_ID</attalias><attrtype Sync="TRUE">String</attrtype><attwidth Sync="TRUE">254</attwidth><atprecis Sync="TRUE">0</atprecis><attscale Sync="TRUE">0</attscale></attr><attr><attrlabl Sync="TRUE">Perim_ID</attrlabl><attalias Sync="TRUE">Perim_ID</attalias><attrtype Sync="TRUE">String</attrtype><attwidth Sync="TRUE">254</attwidth><atprecis Sync="TRUE">0</atprecis><attscale Sync="TRUE">0</attscale></attr><attr><attrlabl Sync="TRUE">dNBR_offst</attrlabl><attalias Sync="TRUE">dNBR_offst</attalias><attrtype Sync="TRUE">Integer</attrtype><attwidth Sync="TRUE">10</attwidth><atprecis Sync="TRUE">10</atprecis><attscale Sync="TRUE">0</attscale></attr><attr><attrlabl Sync="TRUE">dNBR_stdDv</attrlabl><attalias Sync="TRUE">dNBR_stdDv</attalias><attrtype Sync="TRUE">Integer</attrtype><attwidth Sync="TRUE">10</attwidth><atprecis Sync="TRUE">10</atprecis><attscale Sync="TRUE">0</attscale></attr><attr><attrlabl Sync="TRUE">NoData_T</attrlabl><attalias Sync="TRUE">NoData_T</attalias><attrtype Sync="TRUE">Integer</attrtype><attwidth Sync="TRUE">10</attwidth><atprecis Sync="TRUE">10</atprecis><attscale Sync="TRUE">0</attscale></attr><attr><attrlabl Sync="TRUE">IncGreen_T</attrlabl><attalias Sync="TRUE">IncGreen_T</attalias><attrtype Sync="TRUE">Integer</attrtype><attwidth Sync="TRUE">10</attwidth><atprecis Sync="TRUE">10</atprecis><attscale Sync="TRUE">0</attscale></attr><attr><attrlabl Sync="TRUE">Low_T</attrlabl><attalias Sync="TRUE">Low_T</attalias><attrtype Sync="TRUE">Integer</attrtype><attwidth Sync="TRUE">10</attwidth><atprecis Sync="TRUE">10</atprecis><attscale Sync="TRUE">0</attscale></attr><attr><attrlabl Sync="TRUE">Mod_T</attrlabl><attalias Sync="TRUE">Mod_T</attalias><attrtype Sync="TRUE">Integer</attrtype><attwidth Sync="TRUE">10</attwidth><atprecis Sync="TRUE">10</atprecis><attscale Sync="TRUE">0</attscale></attr><attr><attrlabl Sync="TRUE">High_T</attrlabl><attalias Sync="TRUE">High_T</attalias><attrtype Sync="TRUE">Integer</attrtype><attwidth Sync="TRUE">10</attwidth><atprecis Sync="TRUE">10</atprecis><attscale Sync="TRUE">0</attscale></attr><attr><attrlabl Sync="TRUE">Comment</attrlabl><attalias Sync="TRUE">Comment</attalias><attrtype Sync="TRUE">String</attrtype><attwidth Sync="TRUE">254</attwidth><atprecis Sync="TRUE">0</atprecis><attscale Sync="TRUE">0</attscale></attr></detailed></eainfo><mdDateSt Sync="TRUE">20231006</mdDateSt></metadata>
