{
    "sample_landsat_data": [
        "Landsat Collection 2 Analysis Ready Data were downloaded from USGS Earth Explorer ",
        "(https://earthexplorer.usgs.gov/). Sample data used in package 'gdalraster' were ",
        "reprojected to NAD83 / UTM 12N (EPSG:26912) and clipped to the following extent in ",
        "UTM 12N coordinates (min X, min Y, max X, max Y): ",
        "323400.9, 5101815.8,  327870.9, 5105175.8",
        "File names for surface reflectance used in 'gdalraster' are sr_b#_20200829.tif. ",
        "Metadata for the original source are given below."
   ],
    "LANDSAT_ARD_METADATA_FILE": {
        "TILE_METADATA": {
            "PRODUCT_CONTENTS": {
                "ORIGIN": "Image courtesy of the U.S. Geological Survey",
                "DIGITAL_OBJECT_IDENTIFIER": "https://doi.org/10.5066/P960F8OC",
                "ARD_PRODUCT_ID": "LC08_CU_008004_20200829_20210504_02",
                "COLLECTION_NUMBER": "02",
                "OUTPUT_FORMAT": "GEOTIFF",
                "FILE_NAME_SR_BAND_1": "LC08_CU_008004_20200829_20210504_02_SR_B1.TIF",
                "FILE_NAME_SR_BAND_2": "LC08_CU_008004_20200829_20210504_02_SR_B2.TIF",
                "FILE_NAME_SR_BAND_3": "LC08_CU_008004_20200829_20210504_02_SR_B3.TIF",
                "FILE_NAME_SR_BAND_4": "LC08_CU_008004_20200829_20210504_02_SR_B4.TIF",
                "FILE_NAME_SR_BAND_5": "LC08_CU_008004_20200829_20210504_02_SR_B5.TIF",
                "FILE_NAME_SR_BAND_6": "LC08_CU_008004_20200829_20210504_02_SR_B6.TIF",
                "FILE_NAME_SR_BAND_7": "LC08_CU_008004_20200829_20210504_02_SR_B7.TIF",
                "FILE_NAME_ST_BAND_10": "LC08_CU_008004_20200829_20210504_02_ST_B10.TIF",
                "FILE_NAME_TOA_BAND_1": "LC08_CU_008004_20200829_20210504_02_TOA_B1.TIF",
                "FILE_NAME_TOA_BAND_2": "LC08_CU_008004_20200829_20210504_02_TOA_B2.TIF",
                "FILE_NAME_TOA_BAND_3": "LC08_CU_008004_20200829_20210504_02_TOA_B3.TIF",
                "FILE_NAME_TOA_BAND_4": "LC08_CU_008004_20200829_20210504_02_TOA_B4.TIF",
                "FILE_NAME_TOA_BAND_5": "LC08_CU_008004_20200829_20210504_02_TOA_B5.TIF",
                "FILE_NAME_TOA_BAND_6": "LC08_CU_008004_20200829_20210504_02_TOA_B6.TIF",
                "FILE_NAME_TOA_BAND_7": "LC08_CU_008004_20200829_20210504_02_TOA_B7.TIF",
                "FILE_NAME_TOA_BAND_9": "LC08_CU_008004_20200829_20210504_02_TOA_B9.TIF",
                "FILE_NAME_ANGLE_SOLAR_ZENITH_BAND_4": "LC08_CU_008004_20200829_20210504_02_SZA.TIF",
                "FILE_NAME_ANGLE_SOLAR_AZIMUTH_BAND_4": "LC08_CU_008004_20200829_20210504_02_SAA.TIF",
                "FILE_NAME_ANGLE_SENSOR_ZENITH_BAND_4": "LC08_CU_008004_20200829_20210504_02_VZA.TIF",
                "FILE_NAME_ANGLE_SENSOR_AZIMUTH_BAND_4": "LC08_CU_008004_20200829_20210504_02_VAA.TIF",
                "FILE_NAME_BT_BAND_10": "LC08_CU_008004_20200829_20210504_02_BT_B10.TIF",
                "FILE_NAME_BT_BAND_11": "LC08_CU_008004_20200829_20210504_02_BT_B11.TIF",
                "FILE_NAME_THERMAL_RADIANCE": "LC08_CU_008004_20200829_20210504_02_ST_TRAD.TIF",
                "FILE_NAME_UPWELLING_RADIANCE": "LC08_CU_008004_20200829_20210504_02_ST_URAD.TIF",
                "FILE_NAME_DOWNWELLING_RADIANCE": "LC08_CU_008004_20200829_20210504_02_ST_DRAD.TIF",
                "FILE_NAME_ATMOSPHERIC_TRANSMITTANCE": "LC08_CU_008004_20200829_20210504_02_ST_ATRAN.TIF",
                "FILE_NAME_EMISSIVITY": "LC08_CU_008004_20200829_20210504_02_ST_EMIS.TIF",
                "FILE_NAME_EMISSIVITY_STDEV": "LC08_CU_008004_20200829_20210504_02_ST_EMSD.TIF",
                "FILE_NAME_CLOUD_DISTANCE": "LC08_CU_008004_20200829_20210504_02_ST_CDIST.TIF",
                "FILE_NAME_QUALITY_AEROSOL": "LC08_CU_008004_20200829_20210504_02_SR_QA_AEROSOL.TIF",
                "FILE_NAME_QUALITY_SURFACE_TEMPERATURE": "LC08_CU_008004_20200829_20210504_02_ST_QA.TIF",
                "FILE_NAME_QUALITY_PIXEL": "LC08_CU_008004_20200829_20210504_02_QA_PIXEL.TIF",
                "FILE_NAME_QUALITY_RADIOMETRIC_SATURATION": "LC08_CU_008004_20200829_20210504_02_QA_RADSAT.TIF",
                "FILE_NAME_QUALITY_LINEAGE": "LC08_CU_008004_20200829_20210504_02_QA_LINEAGE.TIF",
                "FILE_NAME_METADATA_XML": "LC08_CU_008004_20200829_20210504_02.xml",
                "DATA_TYPE_SR_BAND_1": "UINT16",
                "DATA_TYPE_SR_BAND_2": "UINT16",
                "DATA_TYPE_SR_BAND_3": "UINT16",
                "DATA_TYPE_SR_BAND_4": "UINT16",
                "DATA_TYPE_SR_BAND_5": "UINT16",
                "DATA_TYPE_SR_BAND_6": "UINT16",
                "DATA_TYPE_SR_BAND_7": "UINT16",
                "DATA_TYPE_ST_BAND_10": "UINT16",
                "DATA_TYPE_TOA_BAND_1": "UINT16",
                "DATA_TYPE_TOA_BAND_2": "UINT16",
                "DATA_TYPE_TOA_BAND_3": "UINT16",
                "DATA_TYPE_TOA_BAND_4": "UINT16",
                "DATA_TYPE_TOA_BAND_5": "UINT16",
                "DATA_TYPE_TOA_BAND_6": "UINT16",
                "DATA_TYPE_TOA_BAND_7": "UINT16",
                "DATA_TYPE_TOA_BAND_9": "UINT16",
                "DATA_TYPE_ANGLE_SOLAR_ZENITH_BAND_4": "INT16",
                "DATA_TYPE_ANGLE_SOLAR_AZIMUTH_BAND_4": "INT16",
                "DATA_TYPE_ANGLE_SENSOR_ZENITH_BAND_4": "INT16",
                "DATA_TYPE_ANGLE_SENSOR_AZIMUTH_BAND_4": "INT16",
                "DATA_TYPE_BT_BAND_10": "UINT16",
                "DATA_TYPE_BT_BAND_11": "UINT16",
                "DATA_TYPE_THERMAL_RADIANCE": "INT16",
                "DATA_TYPE_UPWELLING_RADIANCE": "INT16",
                "DATA_TYPE_DOWNWELLING_RADIANCE": "INT16",
                "DATA_TYPE_ATMOSPHERIC_TRANSMITTANCE": "INT16",
                "DATA_TYPE_EMISSIVITY": "INT16",
                "DATA_TYPE_EMISSIVITY_STDEV": "INT16",
                "DATA_TYPE_CLOUD_DISTANCE": "INT16",
                "DATA_TYPE_QUALITY_AEROSOL": "UINT8",
                "DATA_TYPE_QUALITY_SURFACE_TEMPERATURE": "INT16",
                "DATA_TYPE_QUALITY_PIXEL": "UINT16",
                "DATA_TYPE_QUALITY_RADIOMETRIC_SATURATION": "UINT16",
                "DATA_TYPE_QUALITY_LINEAGE": "UINT8"
            },
            "IMAGE_ATTRIBUTES": {
                "SPACECRAFT_ID": "LANDSAT_8",
                "SENSOR_ID": "OLI_TIRS",
                "REGION": "CU",
                "TILE_GRID_H": "8",
                "TILE_GRID_V": "4",
                "DATE_ACQUIRED": "2020-08-29",
                "SCENE_COUNT": "3",
                "CLOUD_COVER": "0.0283",
                "CLOUD_SHADOW_COVER": "0.0571",
                "SNOW_ICE_COVER": "0.0000",
                "FILL": "13.0540"
            },
            "PROJECTION_ATTRIBUTES": {
                "MAP_PROJECTION": "AEA",
                "DATUM": "WGS84",
                "ORIGIN_LAT": "23.000000",
                "CENTRAL_MERIDIAN_LON": "-96.000000",
                "STANDARD_PARALLEL_1_LAT": "29.500000",
                "STANDARD_PARALLEL_2_LAT": "45.500000",
                "FALSE_EASTING": "0.000000",
                "FALSE_NORTHING": "0.000000",
                "GRID_CELL_SIZE_REFLECTIVE": "30.00",
                "GRID_CELL_SIZE_THERMAL": "30.00",
                "GRID_CELL_SIZE_UNITS": "METERS",
                "REFLECTIVE_LINES": "5000",
                "REFLECTIVE_SAMPLES": "5000",
                "THERMAL_LINES": "5000",
                "THERMAL_SAMPLES": "5000",
                "GRID_ORIGIN": "UL",
                "ORIENTATION": "NORTH_UP",
                "CORNER_UL_LAT_PRODUCT": "46.50714",
                "CORNER_UL_LON_PRODUCT": "-113.77877",
                "CORNER_LR_LAT_PRODUCT": "44.94194",
                "CORNER_LR_LON_PRODUCT": "-111.54678",
                "CORNER_UL_PROJECTION_X_PRODUCT": "-1365585.000",
                "CORNER_UL_PROJECTION_Y_PRODUCT": "2714805.000",
                "CORNER_LR_PROJECTION_X_PRODUCT": "-1215585.000",
                "CORNER_LR_PROJECTION_Y_PRODUCT": "2564805.000"
            },
            "ARD_PROCESSING_RECORD": {
                "ORIGIN": "Image courtesy of the U.S. Geological Survey",
                "DIGITAL_OBJECT_IDENTIFIER": "https://doi.org/10.5066/P960F8OC",
                "ARD_PRODUCT_ID": "LC08_CU_008004_20200829_20210504_02",
                "OUTPUT_FORMAT": "GEOTIFF",
                "DATE_PRODUCT_GENERATED": "2021-05-04T14:21:19Z",
                "PROCESSING_SOFTWARE_VERSION": "ARD TILING CODE VERSION 2.0.1"
            },
            "ARD_SURFACE_REFLECTANCE_PARAMETERS": {
                "MAXIMUM_SR_BAND_1": "1.602213",
                "MINIMUM_SR_BAND_1": "-0.199972",
                "MAXIMUM_SR_BAND_2": "1.602213",
                "MINIMUM_SR_BAND_2": "-0.199972",
                "MAXIMUM_SR_BAND_3": "1.602213",
                "MINIMUM_SR_BAND_3": "-0.199972",
                "MAXIMUM_SR_BAND_4": "1.602213",
                "MINIMUM_SR_BAND_4": "-0.199972",
                "MAXIMUM_SR_BAND_5": "1.602213",
                "MINIMUM_SR_BAND_5": "-0.199972",
                "MAXIMUM_SR_BAND_6": "1.602213",
                "MINIMUM_SR_BAND_6": "-0.199972",
                "MAXIMUM_SR_BAND_7": "1.602213",
                "MINIMUM_SR_BAND_7": "-0.199972",
                "QUANTIZE_CAL_MAX_SR_BAND_1": "65535",
                "QUANTIZE_CAL_MIN_SR_BAND_1": "1",
                "QUANTIZE_CAL_MAX_SR_BAND_2": "65535",
                "QUANTIZE_CAL_MIN_SR_BAND_2": "1",
                "QUANTIZE_CAL_MAX_SR_BAND_3": "65535",
                "QUANTIZE_CAL_MIN_SR_BAND_3": "1",
                "QUANTIZE_CAL_MAX_SR_BAND_4": "65535",
                "QUANTIZE_CAL_MIN_SR_BAND_4": "1",
                "QUANTIZE_CAL_MAX_SR_BAND_5": "65535",
                "QUANTIZE_CAL_MIN_SR_BAND_5": "1",
                "QUANTIZE_CAL_MAX_SR_BAND_6": "65535",
                "QUANTIZE_CAL_MIN_SR_BAND_6": "1",
                "QUANTIZE_CAL_MAX_SR_BAND_7": "65535",
                "QUANTIZE_CAL_MIN_SR_BAND_7": "1",
                "QUANTIZE_CAL_MAX_QUALITY_PIXEL": "65535",
                "QUANTIZE_CAL_MIN_QUALITY_PIXEL": "1",
                "QUANTIZE_CAL_MAX_QUALITY_AEROSOL": "255",
                "QUANTIZE_CAL_MIN_QUALITY_AEROSOL": "1",
                "QUANTIZE_CAL_MAX_QUALITY_RADIOMETRIC_SATURATION": "65535",
                "QUANTIZE_CAL_MIN_QUALITY_RADIOMETRIC_SATURATION": "0",
                "QUANTIZE_CAL_MAX_QUALITY_LINEAGE": "255",
                "QUANTIZE_CAL_MIN_QUALITY_LINEAGE": "0",
                "MULT_SR_BAND_1": "2.75e-05",
                "MULT_SR_BAND_2": "2.75e-05",
                "MULT_SR_BAND_3": "2.75e-05",
                "MULT_SR_BAND_4": "2.75e-05",
                "MULT_SR_BAND_5": "2.75e-05",
                "MULT_SR_BAND_6": "2.75e-05",
                "MULT_SR_BAND_7": "2.75e-05",
                "ADD_SR_BAND_1": "-0.2",
                "ADD_SR_BAND_2": "-0.2",
                "ADD_SR_BAND_3": "-0.2",
                "ADD_SR_BAND_4": "-0.2",
                "ADD_SR_BAND_5": "-0.2",
                "ADD_SR_BAND_6": "-0.2",
                "ADD_SR_BAND_7": "-0.2",
                "FILL_SR_BAND_1": "0",
                "FILL_SR_BAND_2": "0",
                "FILL_SR_BAND_3": "0",
                "FILL_SR_BAND_4": "0",
                "FILL_SR_BAND_5": "0",
                "FILL_SR_BAND_6": "0",
                "FILL_SR_BAND_7": "0",
                "FILL_QUALITY_PIXEL": "1",
                "FILL_QUALITY_AEROSOL": "1",
                "FILL_QUALITY_LINEAGE": "0",
                "DATA_UNITS_SR_BAND_1": "Reflectance",
                "DATA_UNITS_SR_BAND_2": "Reflectance",
                "DATA_UNITS_SR_BAND_3": "Reflectance",
                "DATA_UNITS_SR_BAND_4": "Reflectance",
                "DATA_UNITS_SR_BAND_5": "Reflectance",
                "DATA_UNITS_SR_BAND_6": "Reflectance",
                "DATA_UNITS_SR_BAND_7": "Reflectance",
                "DATA_UNITS_QUALITY_LINEAGE": "Index"
            },
            "ARD_SURFACE_TEMPERATURE_PARAMETERS": {
                "MAXIMUM_ST_BAND_10": "372.999941",
                "MINIMUM_ST_BAND_10": "149.003418",
                "MAXIMUM_QUALITY_SURFACE_TEMPERATURE": "327.67",
                "MINIMUM_QUALITY_SURFACE_TEMPERATURE": "0",
                "MAXIMUM_THERMAL_RADIANCE": "22.000",
                "MINIMUM_THERMAL_RADIANCE": "0.000",
                "MAXIMUM_UPWELLING_RADIANCE": "28.000",
                "MINIMUM_UPWELLING_RADIANCE": "0.000",
                "MAXIMUM_DOWNWELLING_RADIANCE": "28.000",
                "MINIMUM_DOWNWELLING_RADIANCE": "0.000",
                "MAXIMUM_ATMOSPHERIC_TRANSMITTANCE": "1.0000",
                "MINIMUM_ATMOSPHERIC_TRANSMITTANCE": "0.0000",
                "MAXIMUM_EMISSIVITY": "1.0000",
                "MINIMUM_EMISSIVITY": "0.0000",
                "MAXIMUM_EMISSIVITY_STDEV": "1.0000",
                "MINIMUM_EMISSIVITY_STDEV": "0.0000",
                "MAXIMUM_CLOUD_DISTANCE": "240.00",
                "MINIMUM_CLOUD_DISTANCE": "0.00",
                "QUANTIZE_CAL_MAX_ST_BAND_10": "65535",
                "QUANTIZE_CAL_MIN_ST_BAND_10": "1",
                "QUANTIZE_CAL_MAX_QUALITY_SURFACE_TEMPERATURE": "32767",
                "QUANTIZE_CAL_MIN_QUALITY_SURFACE_TEMPERATURE": "0",
                "QUANTIZE_CAL_MAX_THERMAL_RADIANCE": "22000",
                "QUANTIZE_CAL_MIN_THERMAL_RADIANCE": "0",
                "QUANTIZE_CAL_MAX_UPWELLING_RADIANCE": "28000",
                "QUANTIZE_CAL_MIN_UPWELLING_RADIANCE": "0",
                "QUANTIZE_CAL_MAX_DOWNWELLING_RADIANCE": "28000",
                "QUANTIZE_CAL_MIN_DOWNWELLING_RADIANCE": "0",
                "QUANTIZE_CAL_MAX_ATMOSPHERIC_TRANSMITTANCE": "10000",
                "QUANTIZE_CAL_MIN_ATMOSPHERIC_TRANSMITTANCE": "0",
                "QUANTIZE_CAL_MAX_EMISSIVITY": "10000",
                "QUANTIZE_CAL_MIN_EMISSIVITY": "0",
                "QUANTIZE_CAL_MAX_EMISSIVITY_STDEV": "10000",
                "QUANTIZE_CAL_MIN_EMISSIVITY_STDEV": "0",
                "QUANTIZE_CAL_MAX_CLOUD_DISTANCE": "24000",
                "QUANTIZE_CAL_MIN_CLOUD_DISTANCE": "0",
                "QUANTIZE_CAL_MAX_QUALITY_PIXEL": "65535",
                "QUANTIZE_CAL_MIN_QUALITY_PIXEL": "1",
                "QUANTIZE_CAL_MAX_QUALITY_RADIOMETRIC_SATURATION": "65535",
                "QUANTIZE_CAL_MIN_QUALITY_RADIOMETRIC_SATURATION": "0",
                "QUANTIZE_CAL_MAX_QUALITY_LINEAGE": "255",
                "QUANTIZE_CAL_MIN_QUALITY_LINEAGE": "0",
                "MULT_ST_BAND_10": "0.00341802",
                "ADD_ST_BAND_10": "149.0",
                "MULT_QUALITY_SURFACE_TEMPERATURE": "0.01",
                "MULT_THERMAL_RADIANCE": "0.001",
                "MULT_UPWELLING_RADIANCE": "0.001",
                "MULT_DOWNWELLING_RADIANCE": "0.001",
                "MULT_ATMOSPHERIC_TRANSMITTANCE": "0.0001",
                "MULT_EMISSIVITY": "0.0001",
                "MULT_EMISSIVITY_STDEV": "0.0001",
                "MULT_CLOUD_DISTANCE": "0.01",
                "FILL_ST_BAND_10": "0",
                "FILL_QUALITY_SURFACE_TEMPERATURE": "-9999",
                "FILL_THERMAL_RADIANCE": "-9999",
                "FILL_UPWELLING_RADIANCE": "-9999",
                "FILL_DOWNWELLING_RADIANCE": "-9999",
                "FILL_ATMOSPHERIC_TRANSMITTANCE": "-9999",
                "FILL_EMISSIVITY": "-9999",
                "FILL_EMISSIVITY_STDEV": "-9999",
                "FILL_CLOUD_DISTANCE": "-9999",
                "FILL_QUALITY_PIXEL": "1",
                "FILL_QUALITY_LINEAGE": "0",
                "DATA_UNITS_ST_BAND_10": "Kelvin",
                "DATA_UNITS_QUALITY_SURFACE_TEMPERATURE": "Kelvin",
                "DATA_UNITS_THERMAL_RADIANCE": "W m^(-2) sr^(-1) \u03bcm^(-1)",
                "DATA_UNITS_UPWELLING_RADIANCE": "W m^(-2) sr^(-1) \u03bcm^(-1)",
                "DATA_UNITS_DOWNWELLING_RADIANCE": "W m^(-2) sr^(-1) \u03bcm^(-1)",
                "DATA_UNITS_ATMOSPHERIC_TRANSMITTANCE": "Unitless",
                "DATA_UNITS_EMISSIVITY": "Emissivity Coefficient",
                "DATA_UNITS_EMISSIVITY_STDEV": "Emissivity Coefficient",
                "DATA_UNITS_CLOUD_DISTANCE": "Kilometers",
                "DATA_UNITS_QUALITY_LINEAGE": "Index"
            },
            "ARD_TOA_REFLECTANCE_PARAMETERS": {
                "MAXIMUM_TOA_BAND_1": "1.602213",
                "MINIMUM_TOA_BAND_1": "-0.199972",
                "MAXIMUM_TOA_BAND_2": "1.602213",
                "MINIMUM_TOA_BAND_2": "-0.199972",
                "MAXIMUM_TOA_BAND_3": "1.602213",
                "MINIMUM_TOA_BAND_3": "-0.199972",
                "MAXIMUM_TOA_BAND_4": "1.602213",
                "MINIMUM_TOA_BAND_4": "-0.199972",
                "MAXIMUM_TOA_BAND_5": "1.602213",
                "MINIMUM_TOA_BAND_5": "-0.199972",
                "MAXIMUM_TOA_BAND_6": "1.602213",
                "MINIMUM_TOA_BAND_6": "-0.199972",
                "MAXIMUM_TOA_BAND_7": "1.602213",
                "MINIMUM_TOA_BAND_7": "-0.199972",
                "MAXIMUM_TOA_BAND_9": "1.602213",
                "MINIMUM_TOA_BAND_9": "-0.199972",
                "MAXIMUM_ANGLE_SOLAR_ZENITH_BAND_4": "90.00",
                "MINIMUM_ANGLE_SOLAR_ZENITH_BAND_4": "-90.00",
                "MAXIMUM_ANGLE_SOLAR_AZIMUTH_BAND_4": "180.00",
                "MINIMUM_ANGLE_SOLAR_AZIMUTH_BAND_4": "-180.00",
                "MAXIMUM_ANGLE_SENSOR_ZENITH_BAND_4": "90.00",
                "MINIMUM_ANGLE_SENSOR_ZENITH_BAND_4": "-90.00",
                "MAXIMUM_ANGLE_SENSOR_AZIMUTH_BAND_4": "180.00",
                "MINIMUM_ANGLE_SENSOR_AZIMUTH_BAND_4": "-180.00",
                "QUANTIZE_CAL_MAX_TOA_BAND_1": "65535",
                "QUANTIZE_CAL_MIN_TOA_BAND_1": "1",
                "QUANTIZE_CAL_MAX_TOA_BAND_2": "65535",
                "QUANTIZE_CAL_MIN_TOA_BAND_2": "1",
                "QUANTIZE_CAL_MAX_TOA_BAND_3": "65535",
                "QUANTIZE_CAL_MIN_TOA_BAND_3": "1",
                "QUANTIZE_CAL_MAX_TOA_BAND_4": "65535",
                "QUANTIZE_CAL_MIN_TOA_BAND_4": "1",
                "QUANTIZE_CAL_MAX_TOA_BAND_5": "65535",
                "QUANTIZE_CAL_MIN_TOA_BAND_5": "1",
                "QUANTIZE_CAL_MAX_TOA_BAND_6": "65535",
                "QUANTIZE_CAL_MIN_TOA_BAND_6": "1",
                "QUANTIZE_CAL_MAX_TOA_BAND_7": "65535",
                "QUANTIZE_CAL_MIN_TOA_BAND_7": "1",
                "QUANTIZE_CAL_MAX_TOA_BAND_9": "65535",
                "QUANTIZE_CAL_MIN_TOA_BAND_9": "1",
                "QUANTIZE_CAL_MAXIMUM_ANGLE_SOLAR_ZENITH_BAND_4": "9000",
                "QUANTIZE_CAL_MINIMUM_ANGLE_SOLAR_ZENITH_BAND_4": "-9000",
                "QUANTIZE_CAL_MAXIMUM_ANGLE_SOLAR_AZIMUTH_BAND_4": "18000",
                "QUANTIZE_CAL_MINIMUM_ANGLE_SOLAR_AZIMUTH_BAND_4": "-18000",
                "QUANTIZE_CAL_MAXIMUM_ANGLE_SENSOR_ZENITH_BAND_4": "9000",
                "QUANTIZE_CAL_MINIMUM_ANGLE_SENSOR_ZENITH_BAND_4": "-9000",
                "QUANTIZE_CAL_MAXIMUM_ANGLE_SENSOR_AZIMUTH_BAND_4": "18000",
                "QUANTIZE_CAL_MINIMUM_ANGLE_SENSOR_AZIMUTH_BAND_4": "-18000",
                "QUANTIZE_CAL_MAX_QUALITY_PIXEL": "65535",
                "QUANTIZE_CAL_MIN_QUALITY_PIXEL": "1",
                "QUANTIZE_CAL_MAX_QUALITY_RADIOMETRIC_SATURATION": "65535",
                "QUANTIZE_CAL_MIN_QUALITY_RADIOMETRIC_SATURATION": "0",
                "QUANTIZE_CAL_MAX_QUALITY_LINEAGE": "255",
                "QUANTIZE_CAL_MIN_QUALITY_LINEAGE": "0",
                "MULT_TOA_BAND_1": "2.75e-05",
                "MULT_TOA_BAND_2": "2.75e-05",
                "MULT_TOA_BAND_3": "2.75e-05",
                "MULT_TOA_BAND_4": "2.75e-05",
                "MULT_TOA_BAND_5": "2.75e-05",
                "MULT_TOA_BAND_6": "2.75e-05",
                "MULT_TOA_BAND_7": "2.75e-05",
                "MULT_TOA_BAND_9": "2.75e-05",
                "MULT_ANGLE_SOLAR_ZENITH_BAND_4": "0.01",
                "MULT_ANGLE_SOLAR_AZIMUTH_BAND_4": "0.01",
                "MULT_ANGLE_SENSOR_ZENITH_BAND_4": "0.01",
                "MULT_ANGLE_SENSOR_AZIMUTH_BAND_4": "0.01",
                "ADD_TOA_BAND_1": "-0.2",
                "ADD_TOA_BAND_2": "-0.2",
                "ADD_TOA_BAND_3": "-0.2",
                "ADD_TOA_BAND_4": "-0.2",
                "ADD_TOA_BAND_5": "-0.2",
                "ADD_TOA_BAND_6": "-0.2",
                "ADD_TOA_BAND_7": "-0.2",
                "ADD_TOA_BAND_9": "-0.2",
                "FILL_TOA_BAND_1": "0",
                "FILL_TOA_BAND_2": "0",
                "FILL_TOA_BAND_3": "0",
                "FILL_TOA_BAND_4": "0",
                "FILL_TOA_BAND_5": "0",
                "FILL_TOA_BAND_6": "0",
                "FILL_TOA_BAND_7": "0",
                "FILL_TOA_BAND_9": "0",
                "FILL_ANGLE_SOLAR_ZENITH_BAND_4": "NA",
                "FILL_ANGLE_SOLAR_AZIMUTH_BAND_4": "NA",
                "FILL_ANGLE_SENSOR_ZENITH_BAND_4": "NA",
                "FILL_ANGLE_SENSOR_AZIMUTH_BAND_4": "NA",
                "FILL_QUALITY_PIXEL": "1",
                "FILL_QUALITY_LINEAGE": "0",
                "DATA_UNITS_TOA_BAND_1": "Reflectance",
                "DATA_UNITS_TOA_BAND_2": "Reflectance",
                "DATA_UNITS_TOA_BAND_3": "Reflectance",
                "DATA_UNITS_TOA_BAND_4": "Reflectance",
                "DATA_UNITS_TOA_BAND_5": "Reflectance",
                "DATA_UNITS_TOA_BAND_6": "Reflectance",
                "DATA_UNITS_TOA_BAND_7": "Reflectance",
                "DATA_UNITS_TOA_BAND_9": "Reflectance",
                "DATA_UNITS_ANGLE_SOLAR_ZENITH_BAND_4": "Degrees",
                "DATA_UNITS_ANGLE_SOLAR_AZIMUTH_BAND_4": "Degrees",
                "DATA_UNITS_ANGLE_SENSOR_ZENITH_BAND_4": "Degrees",
                "DATA_UNITS_ANGLE_SENSOR_AZIMUTH_BAND_4": "Degrees",
                "DATA_UNITS_QUALITY_LINEAGE": "Index"
            },
            "ARD_BRIGHTNESS_TEMPERATURE_PARAMETERS": {
                "MAXIMUM_BT_BAND_10": "372.999941",
                "MINIMUM_BT_BAND_10": "149.003418",
                "MAXIMUM_BT_BAND_11": "372.999941",
                "MINIMUM_BT_BAND_11": "149.003418",
                "QUANTIZE_CAL_MAX_BT_BAND_10": "65535",
                "QUANTIZE_CAL_MIN_BT_BAND_10": "1",
                "QUANTIZE_CAL_MAX_BT_BAND_11": "65535",
                "QUANTIZE_CAL_MIN_BT_BAND_11": "1",
                "QUANTIZE_CAL_MAX_QUALITY_PIXEL": "65535",
                "QUANTIZE_CAL_MIN_QUALITY_PIXEL": "1",
                "QUANTIZE_CAL_MAX_QUALITY_RADIOMETRIC_SATURATION": "65535",
                "QUANTIZE_CAL_MIN_QUALITY_RADIOMETRIC_SATURATION": "0",
                "QUANTIZE_CAL_MAX_QUALITY_LINEAGE": "255",
                "QUANTIZE_CAL_MIN_QUALITY_LINEAGE": "0",
                "MULT_BT_BAND_10": "0.00341802",
                "ADD_BT_BAND_10": "149.0",
                "MULT_BT_BAND_11": "0.00341802",
                "ADD_BT_BAND_11": "149.0",
                "FILL_BT_BAND_10": "0",
                "FILL_BT_BAND_11": "0",
                "FILL_QUALITY_PIXEL": "1",
                "FILL_QUALITY_LINEAGE": "0",
                "DATA_UNITS_BT_BAND_10": "Kelvin",
                "DATA_UNITS_BT_BAND_11": "Kelvin",
                "DATA_UNITS_QUALITY_LINEAGE": "Index"
            },
            "ARD_QUALITY_ASSESSMENT_PARAMETERS": {
                "MAXIMUM_QUALITY_SURFACE_TEMPERATURE": "327.67",
                "MINIMUM_QUALITY_SURFACE_TEMPERATURE": "0",
                "QUANTIZE_CAL_MAX_QUALITY_SURFACE_TEMPERATURE": "32767",
                "QUANTIZE_CAL_MIN_QUALITY_SURFACE_TEMPERATURE": "0",
                "QUANTIZE_CAL_MAX_QUALITY_PIXEL": "65535",
                "QUANTIZE_CAL_MIN_QUALITY_PIXEL": "1",
                "QUANTIZE_CAL_MAX_QUALITY_AEROSOL": "255",
                "QUANTIZE_CAL_MIN_QUALITY_AEROSOL": "1",
                "QUANTIZE_CAL_MAX_QUALITY_RADIOMETRIC_SATURATION": "65535",
                "QUANTIZE_CAL_MIN_QUALITY_RADIOMETRIC_SATURATION": "0",
                "QUANTIZE_CAL_MAX_QUALITY_LINEAGE": "255",
                "QUANTIZE_CAL_MIN_QUALITY_LINEAGE": "0",
                "MULT_QUALITY_SURFACE_TEMPERATURE": "0.01",
                "FILL_QUALITY_SURFACE_TEMPERATURE": "-9999",
                "FILL_QUALITY_PIXEL": "1",
                "FILL_QUALITY_AEROSOL": "1",
                "FILL_QUALITY_LINEAGE": "0",
                "DATA_UNITS_QUALITY_SURFACE_TEMPERATURE": "Kelvin",
                "DATA_UNITS_QUALITY_LINEAGE": "Index"
            }
        },
        "SCENE_METADATA": [
            {
                "SCENE_INDEX": "1",
                "IMAGE_ATTRIBUTES": {
                    "SPACECRAFT_ID": "LANDSAT_8",
                    "SENSOR_ID": "OLI_TIRS",
                    "WRS_TYPE": "2",
                    "WRS_PATH": "40",
                    "WRS_ROW": "27",
                    "NADIR_OFFNADIR": "NADIR",
                    "TARGET_WRS_PATH": "40",
                    "TARGET_WRS_ROW": "27",
                    "DATE_ACQUIRED": "2020-08-29",
                    "SCENE_CENTER_TIME": "18:18:42.4618750Z",
                    "STATION_ID": "LGN",
                    "CLOUD_COVER": "1.05",
                    "CLOUD_COVER_LAND": "1.05",
                    "IMAGE_QUALITY_OLI": "9",
                    "IMAGE_QUALITY_TIRS": "9",
                    "SATURATION_BAND_1": "N",
                    "SATURATION_BAND_2": "N",
                    "SATURATION_BAND_3": "N",
                    "SATURATION_BAND_4": "N",
                    "SATURATION_BAND_5": "Y",
                    "SATURATION_BAND_6": "Y",
                    "SATURATION_BAND_7": "Y",
                    "SATURATION_BAND_8": "N",
                    "SATURATION_BAND_9": "N",
                    "ROLL_ANGLE": "-0.001",
                    "SUN_AZIMUTH": "152.44275347",
                    "SUN_ELEVATION": "48.61042774",
                    "EARTH_SUN_DISTANCE": "1.0097217",
                    "TRUNCATION_OLI": "UPPER",
                    "TIRS_SSM_MODEL": "FINAL",
                    "TIRS_SSM_POSITION_STATUS": "ESTIMATED"
                },
                "LEVEL2_PROCESSING_RECORD": {
                    "ORIGIN": "Image courtesy of the U.S. Geological Survey",
                    "DIGITAL_OBJECT_IDENTIFIER": "https://doi.org/10.5066/P9HDSXAC",
                    "REQUEST_ID": "L43123609",
                    "LANDSAT_PRODUCT_ID": "LC08_L2SP_040027_20200829_20210327_02_A1",
                    "PROCESSING_LEVEL": "L2SP",
                    "OUTPUT_FORMAT": "GEOTIFF",
                    "DATE_PRODUCT_GENERATED": "2021-03-27T08:41:45Z",
                    "PROCESSING_SOFTWARE_VERSION": "LPGS_15.4.0",
                    "ALGORITHM_SOURCE_SURFACE_REFLECTANCE": "LaSRC_1.5.0",
                    "DATA_SOURCE_OZONE": "MODIS",
                    "DATA_SOURCE_PRESSURE": "Calculated",
                    "DATA_SOURCE_WATER_VAPOR": "MODIS",
                    "DATA_SOURCE_AIR_TEMPERATURE": "MODIS",
                    "ALGORITHM_SOURCE_SURFACE_TEMPERATURE": "st_1.3.0",
                    "DATA_SOURCE_REANALYSIS": "GEOS-5 FP-IT",
                    "FILE_NAME_BAND_1": "LC08_L2SP_040027_20200829_20210327_02_A1_SR_B1.TIF",
                    "FILE_NAME_BAND_2": "LC08_L2SP_040027_20200829_20210327_02_A1_SR_B2.TIF",
                    "FILE_NAME_BAND_3": "LC08_L2SP_040027_20200829_20210327_02_A1_SR_B3.TIF",
                    "FILE_NAME_BAND_4": "LC08_L2SP_040027_20200829_20210327_02_A1_SR_B4.TIF",
                    "FILE_NAME_BAND_5": "LC08_L2SP_040027_20200829_20210327_02_A1_SR_B5.TIF",
                    "FILE_NAME_BAND_6": "LC08_L2SP_040027_20200829_20210327_02_A1_SR_B6.TIF",
                    "FILE_NAME_BAND_7": "LC08_L2SP_040027_20200829_20210327_02_A1_SR_B7.TIF",
                    "FILE_NAME_BAND_ST_B10": "LC08_L2SP_040027_20200829_20210327_02_A1_ST_B10.TIF",
                    "FILE_NAME_TOA_BAND_1": "LC08_L2SP_040027_20200829_20210327_02_A1_TOA_B1.TIF",
                    "FILE_NAME_TOA_BAND_2": "LC08_L2SP_040027_20200829_20210327_02_A1_TOA_B2.TIF",
                    "FILE_NAME_TOA_BAND_3": "LC08_L2SP_040027_20200829_20210327_02_A1_TOA_B3.TIF",
                    "FILE_NAME_TOA_BAND_4": "LC08_L2SP_040027_20200829_20210327_02_A1_TOA_B4.TIF",
                    "FILE_NAME_TOA_BAND_5": "LC08_L2SP_040027_20200829_20210327_02_A1_TOA_B5.TIF",
                    "FILE_NAME_TOA_BAND_6": "LC08_L2SP_040027_20200829_20210327_02_A1_TOA_B6.TIF",
                    "FILE_NAME_TOA_BAND_7": "LC08_L2SP_040027_20200829_20210327_02_A1_TOA_B7.TIF",
                    "FILE_NAME_TOA_BAND_9": "LC08_L2SP_040027_20200829_20210327_02_A1_TOA_B9.TIF",
                    "FILE_NAME_BT_BAND_10": "LC08_L2SP_040027_20200829_20210327_02_A1_BT_B10.TIF",
                    "FILE_NAME_BT_BAND_11": "LC08_L2SP_040027_20200829_20210327_02_A1_BT_B11.TIF",
                    "FILE_NAME_THERMAL_RADIANCE": "LC08_L2SP_040027_20200829_20210327_02_A1_ST_TRAD.TIF",
                    "FILE_NAME_UPWELL_RADIANCE": "LC08_L2SP_040027_20200829_20210327_02_A1_ST_URAD.TIF",
                    "FILE_NAME_DOWNWELL_RADIANCE": "LC08_L2SP_040027_20200829_20210327_02_A1_ST_DRAD.TIF",
                    "FILE_NAME_ATMOSPHERIC_TRANSMITTANCE": "LC08_L2SP_040027_20200829_20210327_02_A1_ST_ATRAN.TIF",
                    "FILE_NAME_EMISSIVITY": "LC08_L2SP_040027_20200829_20210327_02_A1_ST_EMIS.TIF",
                    "FILE_NAME_EMISSIVITY_STDEV": "LC08_L2SP_040027_20200829_20210327_02_A1_ST_EMSD.TIF",
                    "FILE_NAME_CLOUD_DISTANCE": "LC08_L2SP_040027_20200829_20210327_02_A1_ST_CDIST.TIF",
                    "FILE_NAME_QUALITY_L2_AEROSOL": "LC08_L2SP_040027_20200829_20210327_02_A1_SR_QA_AEROSOL.TIF",
                    "FILE_NAME_QUALITY_L2_SURFACE_TEMPERATURE": "LC08_L2SP_040027_20200829_20210327_02_A1_ST_QA.TIF",
                    "FILE_NAME_QUALITY_L1_PIXEL": "LC08_L2SP_040027_20200829_20210327_02_A1_QA_PIXEL.TIF",
                    "FILE_NAME_QUALITY_L1_RADIOMETRIC_SATURATION": "LC08_L2SP_040027_20200829_20210327_02_A1_QA_RADSAT.TIF",
                    "FILE_NAME_ANGLE_SENSOR_AZIMUTH_BAND_4": "LC08_L2SP_040027_20200829_20210327_02_A1_VAA.TIF",
                    "FILE_NAME_ANGLE_SENSOR_ZENITH_BAND_4": "LC08_L2SP_040027_20200829_20210327_02_A1_VZA.TIF",
                    "FILE_NAME_ANGLE_SOLAR_AZIMUTH_BAND_4": "LC08_L2SP_040027_20200829_20210327_02_A1_SAA.TIF",
                    "FILE_NAME_ANGLE_SOLAR_ZENITH_BAND_4": "LC08_L2SP_040027_20200829_20210327_02_A1_SZA.TIF",
                    "FILE_NAME_ANGLE_COEFFICIENT": "LC08_L2SP_040027_20200829_20210327_02_A1_ANG.txt",
                    "FILE_NAME_METADATA_ODL": "LC08_L2SP_040027_20200829_20210327_02_A1_MTL.txt",
                    "FILE_NAME_METADATA_XML": "LC08_L2SP_040027_20200829_20210327_02_A1_MTL.xml"
                },
                "LEVEL2_SURFACE_REFLECTANCE_PARAMETERS": {
                    "REFLECTANCE_MAXIMUM_BAND_1": "1.602213",
                    "REFLECTANCE_MINIMUM_BAND_1": "-0.199972",
                    "REFLECTANCE_MAXIMUM_BAND_2": "1.602213",
                    "REFLECTANCE_MINIMUM_BAND_2": "-0.199972",
                    "REFLECTANCE_MAXIMUM_BAND_3": "1.602213",
                    "REFLECTANCE_MINIMUM_BAND_3": "-0.199972",
                    "REFLECTANCE_MAXIMUM_BAND_4": "1.602213",
                    "REFLECTANCE_MINIMUM_BAND_4": "-0.199972",
                    "REFLECTANCE_MAXIMUM_BAND_5": "1.602213",
                    "REFLECTANCE_MINIMUM_BAND_5": "-0.199972",
                    "REFLECTANCE_MAXIMUM_BAND_6": "1.602213",
                    "REFLECTANCE_MINIMUM_BAND_6": "-0.199972",
                    "REFLECTANCE_MAXIMUM_BAND_7": "1.602213",
                    "REFLECTANCE_MINIMUM_BAND_7": "-0.199972",
                    "QUANTIZE_CAL_MAX_BAND_1": "65535",
                    "QUANTIZE_CAL_MIN_BAND_1": "1",
                    "QUANTIZE_CAL_MAX_BAND_2": "65535",
                    "QUANTIZE_CAL_MIN_BAND_2": "1",
                    "QUANTIZE_CAL_MAX_BAND_3": "65535",
                    "QUANTIZE_CAL_MIN_BAND_3": "1",
                    "QUANTIZE_CAL_MAX_BAND_4": "65535",
                    "QUANTIZE_CAL_MIN_BAND_4": "1",
                    "QUANTIZE_CAL_MAX_BAND_5": "65535",
                    "QUANTIZE_CAL_MIN_BAND_5": "1",
                    "QUANTIZE_CAL_MAX_BAND_6": "65535",
                    "QUANTIZE_CAL_MIN_BAND_6": "1",
                    "QUANTIZE_CAL_MAX_BAND_7": "65535",
                    "QUANTIZE_CAL_MIN_BAND_7": "1",
                    "REFLECTANCE_MULT_BAND_1": "2.75e-05",
                    "REFLECTANCE_MULT_BAND_2": "2.75e-05",
                    "REFLECTANCE_MULT_BAND_3": "2.75e-05",
                    "REFLECTANCE_MULT_BAND_4": "2.75e-05",
                    "REFLECTANCE_MULT_BAND_5": "2.75e-05",
                    "REFLECTANCE_MULT_BAND_6": "2.75e-05",
                    "REFLECTANCE_MULT_BAND_7": "2.75e-05",
                    "REFLECTANCE_ADD_BAND_1": "-0.2",
                    "REFLECTANCE_ADD_BAND_2": "-0.2",
                    "REFLECTANCE_ADD_BAND_3": "-0.2",
                    "REFLECTANCE_ADD_BAND_4": "-0.2",
                    "REFLECTANCE_ADD_BAND_5": "-0.2",
                    "REFLECTANCE_ADD_BAND_6": "-0.2",
                    "REFLECTANCE_ADD_BAND_7": "-0.2"
                },
                "LEVEL2_SURFACE_TEMPERATURE_PARAMETERS": {
                    "TEMPERATURE_MAXIMUM_BAND_ST_B10": "372.999941",
                    "TEMPERATURE_MINIMUM_BAND_ST_B10": "149.003418",
                    "QUANTIZE_CAL_MAXIMUM_BAND_ST_B10": "65535",
                    "QUANTIZE_CAL_MINIMUM_BAND_ST_B10": "1",
                    "TEMPERATURE_MULT_BAND_ST_B10": "0.00341802",
                    "TEMPERATURE_ADD_BAND_ST_B10": "149.0"
                },
                "LEVEL2_BRIGHTNESS_TEMPERATURE_PARAMETERS": {
                    "TEMPERATURE_MAXIMUM_BT_BAND_10": "372.999941",
                    "TEMPERATURE_MINIMUM_BT_BAND_10": "149.003418",
                    "TEMPERATURE_MAXIMUM_BT_BAND_11": "372.999941",
                    "TEMPERATURE_MINIMUM_BT_BAND_11": "149.003418",
                    "QUANTIZE_CAL_MAX_BT_BAND_10": "65535",
                    "QUANTIZE_CAL_MIN_BT_BAND_10": "1",
                    "QUANTIZE_CAL_MAX_BT_BAND_11": "65535",
                    "QUANTIZE_CAL_MIN_BT_BAND_11": "1",
                    "TEMPERATURE_MULT_BT_BAND_10": "0.00341802",
                    "TEMPERATURE_MULT_BT_BAND_11": "0.00341802",
                    "TEMPERATURE_ADD_BT_BAND_10": "149.0",
                    "TEMPERATURE_ADD_BT_BAND_11": "149.0"
                },
                "LEVEL2_TOA_REFLECTANCE_PARAMETERS": {
                    "REFLECTANCE_MAXIMUM_TOA_BAND_1": "1.602213",
                    "REFLECTANCE_MINIMUM_TOA_BAND_1": "-0.199972",
                    "REFLECTANCE_MAXIMUM_TOA_BAND_2": "1.602213",
                    "REFLECTANCE_MINIMUM_TOA_BAND_2": "-0.199972",
                    "REFLECTANCE_MAXIMUM_TOA_BAND_3": "1.602213",
                    "REFLECTANCE_MINIMUM_TOA_BAND_3": "-0.199972",
                    "REFLECTANCE_MAXIMUM_TOA_BAND_4": "1.602213",
                    "REFLECTANCE_MINIMUM_TOA_BAND_4": "-0.199972",
                    "REFLECTANCE_MAXIMUM_TOA_BAND_5": "1.602213",
                    "REFLECTANCE_MINIMUM_TOA_BAND_5": "-0.199972",
                    "REFLECTANCE_MAXIMUM_TOA_BAND_6": "1.602213",
                    "REFLECTANCE_MINIMUM_TOA_BAND_6": "-0.199972",
                    "REFLECTANCE_MAXIMUM_TOA_BAND_7": "1.602213",
                    "REFLECTANCE_MINIMUM_TOA_BAND_7": "-0.199972",
                    "REFLECTANCE_MAXIMUM_TOA_BAND_9": "1.602213",
                    "REFLECTANCE_MINIMUM_TOA_BAND_9": "-0.199972",
                    "QUANTIZE_CAL_MAX_TOA_BAND_1": "65535",
                    "QUANTIZE_CAL_MIN_TOA_BAND_1": "1",
                    "QUANTIZE_CAL_MAX_TOA_BAND_2": "65535",
                    "QUANTIZE_CAL_MIN_TOA_BAND_2": "1",
                    "QUANTIZE_CAL_MAX_TOA_BAND_3": "65535",
                    "QUANTIZE_CAL_MIN_TOA_BAND_3": "1",
                    "QUANTIZE_CAL_MAX_TOA_BAND_4": "65535",
                    "QUANTIZE_CAL_MIN_TOA_BAND_4": "1",
                    "QUANTIZE_CAL_MAX_TOA_BAND_5": "65535",
                    "QUANTIZE_CAL_MIN_TOA_BAND_5": "1",
                    "QUANTIZE_CAL_MAX_TOA_BAND_6": "65535",
                    "QUANTIZE_CAL_MIN_TOA_BAND_6": "1",
                    "QUANTIZE_CAL_MAX_TOA_BAND_7": "65535",
                    "QUANTIZE_CAL_MIN_TOA_BAND_7": "1",
                    "QUANTIZE_CAL_MAX_TOA_BAND_9": "65535",
                    "QUANTIZE_CAL_MIN_TOA_BAND_9": "1",
                    "REFLECTANCE_MULT_TOA_BAND_1": "2.75e-05",
                    "REFLECTANCE_MULT_TOA_BAND_2": "2.75e-05",
                    "REFLECTANCE_MULT_TOA_BAND_3": "2.75e-05",
                    "REFLECTANCE_MULT_TOA_BAND_4": "2.75e-05",
                    "REFLECTANCE_MULT_TOA_BAND_5": "2.75e-05",
                    "REFLECTANCE_MULT_TOA_BAND_6": "2.75e-05",
                    "REFLECTANCE_MULT_TOA_BAND_7": "2.75e-05",
                    "REFLECTANCE_MULT_TOA_BAND_9": "2.75e-05",
                    "REFLECTANCE_ADD_TOA_BAND_1": "-0.2",
                    "REFLECTANCE_ADD_TOA_BAND_2": "-0.2",
                    "REFLECTANCE_ADD_TOA_BAND_3": "-0.2",
                    "REFLECTANCE_ADD_TOA_BAND_4": "-0.2",
                    "REFLECTANCE_ADD_TOA_BAND_5": "-0.2",
                    "REFLECTANCE_ADD_TOA_BAND_6": "-0.2",
                    "REFLECTANCE_ADD_TOA_BAND_7": "-0.2",
                    "REFLECTANCE_ADD_TOA_BAND_9": "-0.2"
                },
                "LEVEL1_PROCESSING_RECORD": {
                    "ORIGIN": "Image courtesy of the U.S. Geological Survey",
                    "DIGITAL_OBJECT_IDENTIFIER": "https://doi.org/10.5066/P99C5E7F",
                    "REQUEST_ID": "L43123609",
                    "LANDSAT_SCENE_ID": "LC80400272020242LGN00",
                    "LANDSAT_PRODUCT_ID": "LC08_L1TP_040027_20200829_20210327_02_A1",
                    "PROCESSING_LEVEL": "L1TP",
                    "COLLECTION_CATEGORY": "A1",
                    "OUTPUT_FORMAT": "GEOTIFF",
                    "DATE_PRODUCT_GENERATED": "2021-03-27T08:28:12Z",
                    "PROCESSING_SOFTWARE_VERSION": "LPGS_15.4.0",
                    "FILE_NAME_BAND_1": "LC08_L1TP_040027_20200829_20210327_02_A1_B1.TIF",
                    "FILE_NAME_BAND_2": "LC08_L1TP_040027_20200829_20210327_02_A1_B2.TIF",
                    "FILE_NAME_BAND_3": "LC08_L1TP_040027_20200829_20210327_02_A1_B3.TIF",
                    "FILE_NAME_BAND_4": "LC08_L1TP_040027_20200829_20210327_02_A1_B4.TIF",
                    "FILE_NAME_BAND_5": "LC08_L1TP_040027_20200829_20210327_02_A1_B5.TIF",
                    "FILE_NAME_BAND_6": "LC08_L1TP_040027_20200829_20210327_02_A1_B6.TIF",
                    "FILE_NAME_BAND_7": "LC08_L1TP_040027_20200829_20210327_02_A1_B7.TIF",
                    "FILE_NAME_BAND_8": "LC08_L1TP_040027_20200829_20210327_02_A1_B8.TIF",
                    "FILE_NAME_BAND_9": "LC08_L1TP_040027_20200829_20210327_02_A1_B9.TIF",
                    "FILE_NAME_BAND_10": "LC08_L1TP_040027_20200829_20210327_02_A1_B10.TIF",
                    "FILE_NAME_BAND_11": "LC08_L1TP_040027_20200829_20210327_02_A1_B11.TIF",
                    "FILE_NAME_QUALITY_L1_PIXEL": "LC08_L1TP_040027_20200829_20210327_02_A1_QA_PIXEL.TIF",
                    "FILE_NAME_QUALITY_L1_RADIOMETRIC_SATURATION": "LC08_L1TP_040027_20200829_20210327_02_A1_QA_RADSAT.TIF",
                    "FILE_NAME_ANGLE_COEFFICIENT": "LC08_L1TP_040027_20200829_20210327_02_A1_ANG.txt",
                    "FILE_NAME_ANGLE_SENSOR_AZIMUTH_BAND_4": "LC08_L1TP_040027_20200829_20210327_02_A1_VAA.TIF",
                    "FILE_NAME_ANGLE_SENSOR_ZENITH_BAND_4": "LC08_L1TP_040027_20200829_20210327_02_A1_VZA.TIF",
                    "FILE_NAME_ANGLE_SOLAR_AZIMUTH_BAND_4": "LC08_L1TP_040027_20200829_20210327_02_A1_SAA.TIF",
                    "FILE_NAME_ANGLE_SOLAR_ZENITH_BAND_4": "LC08_L1TP_040027_20200829_20210327_02_A1_SZA.TIF",
                    "FILE_NAME_METADATA_ODL": "LC08_L1TP_040027_20200829_20210327_02_A1_MTL.txt",
                    "FILE_NAME_METADATA_XML": "LC08_L1TP_040027_20200829_20210327_02_A1_MTL.xml",
                    "FILE_NAME_CPF": "LC08CPF_20200701_20200930_02.04",
                    "FILE_NAME_BPF_OLI": "LO8BPF20200829180408_20200829183934.01",
                    "FILE_NAME_BPF_TIRS": "LT8BPF20200819104803_20200902151510.01",
                    "FILE_NAME_RLUT": "LC08RLUT_20150303_20431231_02_01.h5",
                    "DATA_SOURCE_TIRS_STRAY_LIGHT_CORRECTION": "TIRS",
                    "DATA_SOURCE_ELEVATION": "GLS2000",
                    "GROUND_CONTROL_POINTS_VERSION": "5",
                    "GROUND_CONTROL_POINTS_MODEL": "1166",
                    "GEOMETRIC_RMSE_MODEL": "4.684",
                    "GEOMETRIC_RMSE_MODEL_Y": "3.305",
                    "GEOMETRIC_RMSE_MODEL_X": "3.320"
                }
            },
            {
                "SCENE_INDEX": "2",
                "IMAGE_ATTRIBUTES": {
                    "SPACECRAFT_ID": "LANDSAT_8",
                    "SENSOR_ID": "OLI_TIRS",
                    "WRS_TYPE": "2",
                    "WRS_PATH": "40",
                    "WRS_ROW": "28",
                    "NADIR_OFFNADIR": "NADIR",
                    "TARGET_WRS_PATH": "40",
                    "TARGET_WRS_ROW": "28",
                    "DATE_ACQUIRED": "2020-08-29",
                    "SCENE_CENTER_TIME": "18:19:06.3444420Z",
                    "STATION_ID": "LGN",
                    "CLOUD_COVER": "0.03",
                    "CLOUD_COVER_LAND": "0.03",
                    "IMAGE_QUALITY_OLI": "9",
                    "IMAGE_QUALITY_TIRS": "9",
                    "SATURATION_BAND_1": "N",
                    "SATURATION_BAND_2": "N",
                    "SATURATION_BAND_3": "N",
                    "SATURATION_BAND_4": "N",
                    "SATURATION_BAND_5": "N",
                    "SATURATION_BAND_6": "Y",
                    "SATURATION_BAND_7": "Y",
                    "SATURATION_BAND_8": "N",
                    "SATURATION_BAND_9": "N",
                    "ROLL_ANGLE": "-0.001",
                    "SUN_AZIMUTH": "151.03811963",
                    "SUN_ELEVATION": "49.71788908",
                    "EARTH_SUN_DISTANCE": "1.0097217",
                    "TRUNCATION_OLI": "UPPER",
                    "TIRS_SSM_MODEL": "FINAL",
                    "TIRS_SSM_POSITION_STATUS": "ESTIMATED"
                },
                "LEVEL2_PROCESSING_RECORD": {
                    "ORIGIN": "Image courtesy of the U.S. Geological Survey",
                    "DIGITAL_OBJECT_IDENTIFIER": "https://doi.org/10.5066/P9HDSXAC",
                    "REQUEST_ID": "L43123624",
                    "LANDSAT_PRODUCT_ID": "LC08_L2SP_040028_20200829_20210327_02_A1",
                    "PROCESSING_LEVEL": "L2SP",
                    "OUTPUT_FORMAT": "GEOTIFF",
                    "DATE_PRODUCT_GENERATED": "2021-03-27T08:42:08Z",
                    "PROCESSING_SOFTWARE_VERSION": "LPGS_15.4.0",
                    "ALGORITHM_SOURCE_SURFACE_REFLECTANCE": "LaSRC_1.5.0",
                    "DATA_SOURCE_OZONE": "MODIS",
                    "DATA_SOURCE_PRESSURE": "Calculated",
                    "DATA_SOURCE_WATER_VAPOR": "MODIS",
                    "DATA_SOURCE_AIR_TEMPERATURE": "MODIS",
                    "ALGORITHM_SOURCE_SURFACE_TEMPERATURE": "st_1.3.0",
                    "DATA_SOURCE_REANALYSIS": "GEOS-5 FP-IT",
                    "FILE_NAME_BAND_1": "LC08_L2SP_040028_20200829_20210327_02_A1_SR_B1.TIF",
                    "FILE_NAME_BAND_2": "LC08_L2SP_040028_20200829_20210327_02_A1_SR_B2.TIF",
                    "FILE_NAME_BAND_3": "LC08_L2SP_040028_20200829_20210327_02_A1_SR_B3.TIF",
                    "FILE_NAME_BAND_4": "LC08_L2SP_040028_20200829_20210327_02_A1_SR_B4.TIF",
                    "FILE_NAME_BAND_5": "LC08_L2SP_040028_20200829_20210327_02_A1_SR_B5.TIF",
                    "FILE_NAME_BAND_6": "LC08_L2SP_040028_20200829_20210327_02_A1_SR_B6.TIF",
                    "FILE_NAME_BAND_7": "LC08_L2SP_040028_20200829_20210327_02_A1_SR_B7.TIF",
                    "FILE_NAME_BAND_ST_B10": "LC08_L2SP_040028_20200829_20210327_02_A1_ST_B10.TIF",
                    "FILE_NAME_TOA_BAND_1": "LC08_L2SP_040028_20200829_20210327_02_A1_TOA_B1.TIF",
                    "FILE_NAME_TOA_BAND_2": "LC08_L2SP_040028_20200829_20210327_02_A1_TOA_B2.TIF",
                    "FILE_NAME_TOA_BAND_3": "LC08_L2SP_040028_20200829_20210327_02_A1_TOA_B3.TIF",
                    "FILE_NAME_TOA_BAND_4": "LC08_L2SP_040028_20200829_20210327_02_A1_TOA_B4.TIF",
                    "FILE_NAME_TOA_BAND_5": "LC08_L2SP_040028_20200829_20210327_02_A1_TOA_B5.TIF",
                    "FILE_NAME_TOA_BAND_6": "LC08_L2SP_040028_20200829_20210327_02_A1_TOA_B6.TIF",
                    "FILE_NAME_TOA_BAND_7": "LC08_L2SP_040028_20200829_20210327_02_A1_TOA_B7.TIF",
                    "FILE_NAME_TOA_BAND_9": "LC08_L2SP_040028_20200829_20210327_02_A1_TOA_B9.TIF",
                    "FILE_NAME_BT_BAND_10": "LC08_L2SP_040028_20200829_20210327_02_A1_BT_B10.TIF",
                    "FILE_NAME_BT_BAND_11": "LC08_L2SP_040028_20200829_20210327_02_A1_BT_B11.TIF",
                    "FILE_NAME_THERMAL_RADIANCE": "LC08_L2SP_040028_20200829_20210327_02_A1_ST_TRAD.TIF",
                    "FILE_NAME_UPWELL_RADIANCE": "LC08_L2SP_040028_20200829_20210327_02_A1_ST_URAD.TIF",
                    "FILE_NAME_DOWNWELL_RADIANCE": "LC08_L2SP_040028_20200829_20210327_02_A1_ST_DRAD.TIF",
                    "FILE_NAME_ATMOSPHERIC_TRANSMITTANCE": "LC08_L2SP_040028_20200829_20210327_02_A1_ST_ATRAN.TIF",
                    "FILE_NAME_EMISSIVITY": "LC08_L2SP_040028_20200829_20210327_02_A1_ST_EMIS.TIF",
                    "FILE_NAME_EMISSIVITY_STDEV": "LC08_L2SP_040028_20200829_20210327_02_A1_ST_EMSD.TIF",
                    "FILE_NAME_CLOUD_DISTANCE": "LC08_L2SP_040028_20200829_20210327_02_A1_ST_CDIST.TIF",
                    "FILE_NAME_QUALITY_L2_AEROSOL": "LC08_L2SP_040028_20200829_20210327_02_A1_SR_QA_AEROSOL.TIF",
                    "FILE_NAME_QUALITY_L2_SURFACE_TEMPERATURE": "LC08_L2SP_040028_20200829_20210327_02_A1_ST_QA.TIF",
                    "FILE_NAME_QUALITY_L1_PIXEL": "LC08_L2SP_040028_20200829_20210327_02_A1_QA_PIXEL.TIF",
                    "FILE_NAME_QUALITY_L1_RADIOMETRIC_SATURATION": "LC08_L2SP_040028_20200829_20210327_02_A1_QA_RADSAT.TIF",
                    "FILE_NAME_ANGLE_SENSOR_AZIMUTH_BAND_4": "LC08_L2SP_040028_20200829_20210327_02_A1_VAA.TIF",
                    "FILE_NAME_ANGLE_SENSOR_ZENITH_BAND_4": "LC08_L2SP_040028_20200829_20210327_02_A1_VZA.TIF",
                    "FILE_NAME_ANGLE_SOLAR_AZIMUTH_BAND_4": "LC08_L2SP_040028_20200829_20210327_02_A1_SAA.TIF",
                    "FILE_NAME_ANGLE_SOLAR_ZENITH_BAND_4": "LC08_L2SP_040028_20200829_20210327_02_A1_SZA.TIF",
                    "FILE_NAME_ANGLE_COEFFICIENT": "LC08_L2SP_040028_20200829_20210327_02_A1_ANG.txt",
                    "FILE_NAME_METADATA_ODL": "LC08_L2SP_040028_20200829_20210327_02_A1_MTL.txt",
                    "FILE_NAME_METADATA_XML": "LC08_L2SP_040028_20200829_20210327_02_A1_MTL.xml"
                },
                "LEVEL2_SURFACE_REFLECTANCE_PARAMETERS": {
                    "REFLECTANCE_MAXIMUM_BAND_1": "1.602213",
                    "REFLECTANCE_MINIMUM_BAND_1": "-0.199972",
                    "REFLECTANCE_MAXIMUM_BAND_2": "1.602213",
                    "REFLECTANCE_MINIMUM_BAND_2": "-0.199972",
                    "REFLECTANCE_MAXIMUM_BAND_3": "1.602213",
                    "REFLECTANCE_MINIMUM_BAND_3": "-0.199972",
                    "REFLECTANCE_MAXIMUM_BAND_4": "1.602213",
                    "REFLECTANCE_MINIMUM_BAND_4": "-0.199972",
                    "REFLECTANCE_MAXIMUM_BAND_5": "1.602213",
                    "REFLECTANCE_MINIMUM_BAND_5": "-0.199972",
                    "REFLECTANCE_MAXIMUM_BAND_6": "1.602213",
                    "REFLECTANCE_MINIMUM_BAND_6": "-0.199972",
                    "REFLECTANCE_MAXIMUM_BAND_7": "1.602213",
                    "REFLECTANCE_MINIMUM_BAND_7": "-0.199972",
                    "QUANTIZE_CAL_MAX_BAND_1": "65535",
                    "QUANTIZE_CAL_MIN_BAND_1": "1",
                    "QUANTIZE_CAL_MAX_BAND_2": "65535",
                    "QUANTIZE_CAL_MIN_BAND_2": "1",
                    "QUANTIZE_CAL_MAX_BAND_3": "65535",
                    "QUANTIZE_CAL_MIN_BAND_3": "1",
                    "QUANTIZE_CAL_MAX_BAND_4": "65535",
                    "QUANTIZE_CAL_MIN_BAND_4": "1",
                    "QUANTIZE_CAL_MAX_BAND_5": "65535",
                    "QUANTIZE_CAL_MIN_BAND_5": "1",
                    "QUANTIZE_CAL_MAX_BAND_6": "65535",
                    "QUANTIZE_CAL_MIN_BAND_6": "1",
                    "QUANTIZE_CAL_MAX_BAND_7": "65535",
                    "QUANTIZE_CAL_MIN_BAND_7": "1",
                    "REFLECTANCE_MULT_BAND_1": "2.75e-05",
                    "REFLECTANCE_MULT_BAND_2": "2.75e-05",
                    "REFLECTANCE_MULT_BAND_3": "2.75e-05",
                    "REFLECTANCE_MULT_BAND_4": "2.75e-05",
                    "REFLECTANCE_MULT_BAND_5": "2.75e-05",
                    "REFLECTANCE_MULT_BAND_6": "2.75e-05",
                    "REFLECTANCE_MULT_BAND_7": "2.75e-05",
                    "REFLECTANCE_ADD_BAND_1": "-0.2",
                    "REFLECTANCE_ADD_BAND_2": "-0.2",
                    "REFLECTANCE_ADD_BAND_3": "-0.2",
                    "REFLECTANCE_ADD_BAND_4": "-0.2",
                    "REFLECTANCE_ADD_BAND_5": "-0.2",
                    "REFLECTANCE_ADD_BAND_6": "-0.2",
                    "REFLECTANCE_ADD_BAND_7": "-0.2"
                },
                "LEVEL2_SURFACE_TEMPERATURE_PARAMETERS": {
                    "TEMPERATURE_MAXIMUM_BAND_ST_B10": "372.999941",
                    "TEMPERATURE_MINIMUM_BAND_ST_B10": "149.003418",
                    "QUANTIZE_CAL_MAXIMUM_BAND_ST_B10": "65535",
                    "QUANTIZE_CAL_MINIMUM_BAND_ST_B10": "1",
                    "TEMPERATURE_MULT_BAND_ST_B10": "0.00341802",
                    "TEMPERATURE_ADD_BAND_ST_B10": "149.0"
                },
                "LEVEL2_BRIGHTNESS_TEMPERATURE_PARAMETERS": {
                    "TEMPERATURE_MAXIMUM_BT_BAND_10": "372.999941",
                    "TEMPERATURE_MINIMUM_BT_BAND_10": "149.003418",
                    "TEMPERATURE_MAXIMUM_BT_BAND_11": "372.999941",
                    "TEMPERATURE_MINIMUM_BT_BAND_11": "149.003418",
                    "QUANTIZE_CAL_MAX_BT_BAND_10": "65535",
                    "QUANTIZE_CAL_MIN_BT_BAND_10": "1",
                    "QUANTIZE_CAL_MAX_BT_BAND_11": "65535",
                    "QUANTIZE_CAL_MIN_BT_BAND_11": "1",
                    "TEMPERATURE_MULT_BT_BAND_10": "0.00341802",
                    "TEMPERATURE_MULT_BT_BAND_11": "0.00341802",
                    "TEMPERATURE_ADD_BT_BAND_10": "149.0",
                    "TEMPERATURE_ADD_BT_BAND_11": "149.0"
                },
                "LEVEL2_TOA_REFLECTANCE_PARAMETERS": {
                    "REFLECTANCE_MAXIMUM_TOA_BAND_1": "1.602213",
                    "REFLECTANCE_MINIMUM_TOA_BAND_1": "-0.199972",
                    "REFLECTANCE_MAXIMUM_TOA_BAND_2": "1.602213",
                    "REFLECTANCE_MINIMUM_TOA_BAND_2": "-0.199972",
                    "REFLECTANCE_MAXIMUM_TOA_BAND_3": "1.602213",
                    "REFLECTANCE_MINIMUM_TOA_BAND_3": "-0.199972",
                    "REFLECTANCE_MAXIMUM_TOA_BAND_4": "1.602213",
                    "REFLECTANCE_MINIMUM_TOA_BAND_4": "-0.199972",
                    "REFLECTANCE_MAXIMUM_TOA_BAND_5": "1.602213",
                    "REFLECTANCE_MINIMUM_TOA_BAND_5": "-0.199972",
                    "REFLECTANCE_MAXIMUM_TOA_BAND_6": "1.602213",
                    "REFLECTANCE_MINIMUM_TOA_BAND_6": "-0.199972",
                    "REFLECTANCE_MAXIMUM_TOA_BAND_7": "1.602213",
                    "REFLECTANCE_MINIMUM_TOA_BAND_7": "-0.199972",
                    "REFLECTANCE_MAXIMUM_TOA_BAND_9": "1.602213",
                    "REFLECTANCE_MINIMUM_TOA_BAND_9": "-0.199972",
                    "QUANTIZE_CAL_MAX_TOA_BAND_1": "65535",
                    "QUANTIZE_CAL_MIN_TOA_BAND_1": "1",
                    "QUANTIZE_CAL_MAX_TOA_BAND_2": "65535",
                    "QUANTIZE_CAL_MIN_TOA_BAND_2": "1",
                    "QUANTIZE_CAL_MAX_TOA_BAND_3": "65535",
                    "QUANTIZE_CAL_MIN_TOA_BAND_3": "1",
                    "QUANTIZE_CAL_MAX_TOA_BAND_4": "65535",
                    "QUANTIZE_CAL_MIN_TOA_BAND_4": "1",
                    "QUANTIZE_CAL_MAX_TOA_BAND_5": "65535",
                    "QUANTIZE_CAL_MIN_TOA_BAND_5": "1",
                    "QUANTIZE_CAL_MAX_TOA_BAND_6": "65535",
                    "QUANTIZE_CAL_MIN_TOA_BAND_6": "1",
                    "QUANTIZE_CAL_MAX_TOA_BAND_7": "65535",
                    "QUANTIZE_CAL_MIN_TOA_BAND_7": "1",
                    "QUANTIZE_CAL_MAX_TOA_BAND_9": "65535",
                    "QUANTIZE_CAL_MIN_TOA_BAND_9": "1",
                    "REFLECTANCE_MULT_TOA_BAND_1": "2.75e-05",
                    "REFLECTANCE_MULT_TOA_BAND_2": "2.75e-05",
                    "REFLECTANCE_MULT_TOA_BAND_3": "2.75e-05",
                    "REFLECTANCE_MULT_TOA_BAND_4": "2.75e-05",
                    "REFLECTANCE_MULT_TOA_BAND_5": "2.75e-05",
                    "REFLECTANCE_MULT_TOA_BAND_6": "2.75e-05",
                    "REFLECTANCE_MULT_TOA_BAND_7": "2.75e-05",
                    "REFLECTANCE_MULT_TOA_BAND_9": "2.75e-05",
                    "REFLECTANCE_ADD_TOA_BAND_1": "-0.2",
                    "REFLECTANCE_ADD_TOA_BAND_2": "-0.2",
                    "REFLECTANCE_ADD_TOA_BAND_3": "-0.2",
                    "REFLECTANCE_ADD_TOA_BAND_4": "-0.2",
                    "REFLECTANCE_ADD_TOA_BAND_5": "-0.2",
                    "REFLECTANCE_ADD_TOA_BAND_6": "-0.2",
                    "REFLECTANCE_ADD_TOA_BAND_7": "-0.2",
                    "REFLECTANCE_ADD_TOA_BAND_9": "-0.2"
                },
                "LEVEL1_PROCESSING_RECORD": {
                    "ORIGIN": "Image courtesy of the U.S. Geological Survey",
                    "DIGITAL_OBJECT_IDENTIFIER": "https://doi.org/10.5066/P99C5E7F",
                    "REQUEST_ID": "L43123624",
                    "LANDSAT_SCENE_ID": "LC80400282020242LGN00",
                    "LANDSAT_PRODUCT_ID": "LC08_L1TP_040028_20200829_20210327_02_A1",
                    "PROCESSING_LEVEL": "L1TP",
                    "COLLECTION_CATEGORY": "A1",
                    "OUTPUT_FORMAT": "GEOTIFF",
                    "DATE_PRODUCT_GENERATED": "2021-03-27T08:30:41Z",
                    "PROCESSING_SOFTWARE_VERSION": "LPGS_15.4.0",
                    "FILE_NAME_BAND_1": "LC08_L1TP_040028_20200829_20210327_02_A1_B1.TIF",
                    "FILE_NAME_BAND_2": "LC08_L1TP_040028_20200829_20210327_02_A1_B2.TIF",
                    "FILE_NAME_BAND_3": "LC08_L1TP_040028_20200829_20210327_02_A1_B3.TIF",
                    "FILE_NAME_BAND_4": "LC08_L1TP_040028_20200829_20210327_02_A1_B4.TIF",
                    "FILE_NAME_BAND_5": "LC08_L1TP_040028_20200829_20210327_02_A1_B5.TIF",
                    "FILE_NAME_BAND_6": "LC08_L1TP_040028_20200829_20210327_02_A1_B6.TIF",
                    "FILE_NAME_BAND_7": "LC08_L1TP_040028_20200829_20210327_02_A1_B7.TIF",
                    "FILE_NAME_BAND_8": "LC08_L1TP_040028_20200829_20210327_02_A1_B8.TIF",
                    "FILE_NAME_BAND_9": "LC08_L1TP_040028_20200829_20210327_02_A1_B9.TIF",
                    "FILE_NAME_BAND_10": "LC08_L1TP_040028_20200829_20210327_02_A1_B10.TIF",
                    "FILE_NAME_BAND_11": "LC08_L1TP_040028_20200829_20210327_02_A1_B11.TIF",
                    "FILE_NAME_QUALITY_L1_PIXEL": "LC08_L1TP_040028_20200829_20210327_02_A1_QA_PIXEL.TIF",
                    "FILE_NAME_QUALITY_L1_RADIOMETRIC_SATURATION": "LC08_L1TP_040028_20200829_20210327_02_A1_QA_RADSAT.TIF",
                    "FILE_NAME_ANGLE_COEFFICIENT": "LC08_L1TP_040028_20200829_20210327_02_A1_ANG.txt",
                    "FILE_NAME_ANGLE_SENSOR_AZIMUTH_BAND_4": "LC08_L1TP_040028_20200829_20210327_02_A1_VAA.TIF",
                    "FILE_NAME_ANGLE_SENSOR_ZENITH_BAND_4": "LC08_L1TP_040028_20200829_20210327_02_A1_VZA.TIF",
                    "FILE_NAME_ANGLE_SOLAR_AZIMUTH_BAND_4": "LC08_L1TP_040028_20200829_20210327_02_A1_SAA.TIF",
                    "FILE_NAME_ANGLE_SOLAR_ZENITH_BAND_4": "LC08_L1TP_040028_20200829_20210327_02_A1_SZA.TIF",
                    "FILE_NAME_METADATA_ODL": "LC08_L1TP_040028_20200829_20210327_02_A1_MTL.txt",
                    "FILE_NAME_METADATA_XML": "LC08_L1TP_040028_20200829_20210327_02_A1_MTL.xml",
                    "FILE_NAME_CPF": "LC08CPF_20200701_20200930_02.04",
                    "FILE_NAME_BPF_OLI": "LO8BPF20200829180408_20200829183934.01",
                    "FILE_NAME_BPF_TIRS": "LT8BPF20200819104803_20200902151510.01",
                    "FILE_NAME_RLUT": "LC08RLUT_20150303_20431231_02_01.h5",
                    "DATA_SOURCE_TIRS_STRAY_LIGHT_CORRECTION": "TIRS",
                    "DATA_SOURCE_ELEVATION": "GLS2000",
                    "GROUND_CONTROL_POINTS_VERSION": "5",
                    "GROUND_CONTROL_POINTS_MODEL": "1173",
                    "GEOMETRIC_RMSE_MODEL": "3.730",
                    "GEOMETRIC_RMSE_MODEL_Y": "2.553",
                    "GEOMETRIC_RMSE_MODEL_X": "2.719"
                }
            },
            {
                "SCENE_INDEX": "3",
                "IMAGE_ATTRIBUTES": {
                    "SPACECRAFT_ID": "LANDSAT_8",
                    "SENSOR_ID": "OLI_TIRS",
                    "WRS_TYPE": "2",
                    "WRS_PATH": "40",
                    "WRS_ROW": "29",
                    "NADIR_OFFNADIR": "NADIR",
                    "TARGET_WRS_PATH": "40",
                    "TARGET_WRS_ROW": "29",
                    "DATE_ACQUIRED": "2020-08-29",
                    "SCENE_CENTER_TIME": "18:19:30.2354820Z",
                    "STATION_ID": "LGN",
                    "CLOUD_COVER": "0.05",
                    "CLOUD_COVER_LAND": "0.05",
                    "IMAGE_QUALITY_OLI": "9",
                    "IMAGE_QUALITY_TIRS": "9",
                    "SATURATION_BAND_1": "N",
                    "SATURATION_BAND_2": "N",
                    "SATURATION_BAND_3": "N",
                    "SATURATION_BAND_4": "N",
                    "SATURATION_BAND_5": "N",
                    "SATURATION_BAND_6": "Y",
                    "SATURATION_BAND_7": "Y",
                    "SATURATION_BAND_8": "N",
                    "SATURATION_BAND_9": "N",
                    "ROLL_ANGLE": "-0.001",
                    "SUN_AZIMUTH": "149.58702622",
                    "SUN_ELEVATION": "50.80759562",
                    "EARTH_SUN_DISTANCE": "1.0097216",
                    "TRUNCATION_OLI": "UPPER",
                    "TIRS_SSM_MODEL": "FINAL",
                    "TIRS_SSM_POSITION_STATUS": "ESTIMATED"
                },
                "LEVEL2_PROCESSING_RECORD": {
                    "ORIGIN": "Image courtesy of the U.S. Geological Survey",
                    "DIGITAL_OBJECT_IDENTIFIER": "https://doi.org/10.5066/P9HDSXAC",
                    "REQUEST_ID": "L43123639",
                    "LANDSAT_PRODUCT_ID": "LC08_L2SP_040029_20200829_20210327_02_A1",
                    "PROCESSING_LEVEL": "L2SP",
                    "OUTPUT_FORMAT": "GEOTIFF",
                    "DATE_PRODUCT_GENERATED": "2021-03-27T08:40:50Z",
                    "PROCESSING_SOFTWARE_VERSION": "LPGS_15.4.0",
                    "ALGORITHM_SOURCE_SURFACE_REFLECTANCE": "LaSRC_1.5.0",
                    "DATA_SOURCE_OZONE": "MODIS",
                    "DATA_SOURCE_PRESSURE": "Calculated",
                    "DATA_SOURCE_WATER_VAPOR": "MODIS",
                    "DATA_SOURCE_AIR_TEMPERATURE": "MODIS",
                    "ALGORITHM_SOURCE_SURFACE_TEMPERATURE": "st_1.3.0",
                    "DATA_SOURCE_REANALYSIS": "GEOS-5 FP-IT",
                    "FILE_NAME_BAND_1": "LC08_L2SP_040029_20200829_20210327_02_A1_SR_B1.TIF",
                    "FILE_NAME_BAND_2": "LC08_L2SP_040029_20200829_20210327_02_A1_SR_B2.TIF",
                    "FILE_NAME_BAND_3": "LC08_L2SP_040029_20200829_20210327_02_A1_SR_B3.TIF",
                    "FILE_NAME_BAND_4": "LC08_L2SP_040029_20200829_20210327_02_A1_SR_B4.TIF",
                    "FILE_NAME_BAND_5": "LC08_L2SP_040029_20200829_20210327_02_A1_SR_B5.TIF",
                    "FILE_NAME_BAND_6": "LC08_L2SP_040029_20200829_20210327_02_A1_SR_B6.TIF",
                    "FILE_NAME_BAND_7": "LC08_L2SP_040029_20200829_20210327_02_A1_SR_B7.TIF",
                    "FILE_NAME_BAND_ST_B10": "LC08_L2SP_040029_20200829_20210327_02_A1_ST_B10.TIF",
                    "FILE_NAME_TOA_BAND_1": "LC08_L2SP_040029_20200829_20210327_02_A1_TOA_B1.TIF",
                    "FILE_NAME_TOA_BAND_2": "LC08_L2SP_040029_20200829_20210327_02_A1_TOA_B2.TIF",
                    "FILE_NAME_TOA_BAND_3": "LC08_L2SP_040029_20200829_20210327_02_A1_TOA_B3.TIF",
                    "FILE_NAME_TOA_BAND_4": "LC08_L2SP_040029_20200829_20210327_02_A1_TOA_B4.TIF",
                    "FILE_NAME_TOA_BAND_5": "LC08_L2SP_040029_20200829_20210327_02_A1_TOA_B5.TIF",
                    "FILE_NAME_TOA_BAND_6": "LC08_L2SP_040029_20200829_20210327_02_A1_TOA_B6.TIF",
                    "FILE_NAME_TOA_BAND_7": "LC08_L2SP_040029_20200829_20210327_02_A1_TOA_B7.TIF",
                    "FILE_NAME_TOA_BAND_9": "LC08_L2SP_040029_20200829_20210327_02_A1_TOA_B9.TIF",
                    "FILE_NAME_BT_BAND_10": "LC08_L2SP_040029_20200829_20210327_02_A1_BT_B10.TIF",
                    "FILE_NAME_BT_BAND_11": "LC08_L2SP_040029_20200829_20210327_02_A1_BT_B11.TIF",
                    "FILE_NAME_THERMAL_RADIANCE": "LC08_L2SP_040029_20200829_20210327_02_A1_ST_TRAD.TIF",
                    "FILE_NAME_UPWELL_RADIANCE": "LC08_L2SP_040029_20200829_20210327_02_A1_ST_URAD.TIF",
                    "FILE_NAME_DOWNWELL_RADIANCE": "LC08_L2SP_040029_20200829_20210327_02_A1_ST_DRAD.TIF",
                    "FILE_NAME_ATMOSPHERIC_TRANSMITTANCE": "LC08_L2SP_040029_20200829_20210327_02_A1_ST_ATRAN.TIF",
                    "FILE_NAME_EMISSIVITY": "LC08_L2SP_040029_20200829_20210327_02_A1_ST_EMIS.TIF",
                    "FILE_NAME_EMISSIVITY_STDEV": "LC08_L2SP_040029_20200829_20210327_02_A1_ST_EMSD.TIF",
                    "FILE_NAME_CLOUD_DISTANCE": "LC08_L2SP_040029_20200829_20210327_02_A1_ST_CDIST.TIF",
                    "FILE_NAME_QUALITY_L2_AEROSOL": "LC08_L2SP_040029_20200829_20210327_02_A1_SR_QA_AEROSOL.TIF",
                    "FILE_NAME_QUALITY_L2_SURFACE_TEMPERATURE": "LC08_L2SP_040029_20200829_20210327_02_A1_ST_QA.TIF",
                    "FILE_NAME_QUALITY_L1_PIXEL": "LC08_L2SP_040029_20200829_20210327_02_A1_QA_PIXEL.TIF",
                    "FILE_NAME_QUALITY_L1_RADIOMETRIC_SATURATION": "LC08_L2SP_040029_20200829_20210327_02_A1_QA_RADSAT.TIF",
                    "FILE_NAME_ANGLE_SENSOR_AZIMUTH_BAND_4": "LC08_L2SP_040029_20200829_20210327_02_A1_VAA.TIF",
                    "FILE_NAME_ANGLE_SENSOR_ZENITH_BAND_4": "LC08_L2SP_040029_20200829_20210327_02_A1_VZA.TIF",
                    "FILE_NAME_ANGLE_SOLAR_AZIMUTH_BAND_4": "LC08_L2SP_040029_20200829_20210327_02_A1_SAA.TIF",
                    "FILE_NAME_ANGLE_SOLAR_ZENITH_BAND_4": "LC08_L2SP_040029_20200829_20210327_02_A1_SZA.TIF",
                    "FILE_NAME_ANGLE_COEFFICIENT": "LC08_L2SP_040029_20200829_20210327_02_A1_ANG.txt",
                    "FILE_NAME_METADATA_ODL": "LC08_L2SP_040029_20200829_20210327_02_A1_MTL.txt",
                    "FILE_NAME_METADATA_XML": "LC08_L2SP_040029_20200829_20210327_02_A1_MTL.xml"
                },
                "LEVEL2_SURFACE_REFLECTANCE_PARAMETERS": {
                    "REFLECTANCE_MAXIMUM_BAND_1": "1.602213",
                    "REFLECTANCE_MINIMUM_BAND_1": "-0.199972",
                    "REFLECTANCE_MAXIMUM_BAND_2": "1.602213",
                    "REFLECTANCE_MINIMUM_BAND_2": "-0.199972",
                    "REFLECTANCE_MAXIMUM_BAND_3": "1.602213",
                    "REFLECTANCE_MINIMUM_BAND_3": "-0.199972",
                    "REFLECTANCE_MAXIMUM_BAND_4": "1.602213",
                    "REFLECTANCE_MINIMUM_BAND_4": "-0.199972",
                    "REFLECTANCE_MAXIMUM_BAND_5": "1.602213",
                    "REFLECTANCE_MINIMUM_BAND_5": "-0.199972",
                    "REFLECTANCE_MAXIMUM_BAND_6": "1.602213",
                    "REFLECTANCE_MINIMUM_BAND_6": "-0.199972",
                    "REFLECTANCE_MAXIMUM_BAND_7": "1.602213",
                    "REFLECTANCE_MINIMUM_BAND_7": "-0.199972",
                    "QUANTIZE_CAL_MAX_BAND_1": "65535",
                    "QUANTIZE_CAL_MIN_BAND_1": "1",
                    "QUANTIZE_CAL_MAX_BAND_2": "65535",
                    "QUANTIZE_CAL_MIN_BAND_2": "1",
                    "QUANTIZE_CAL_MAX_BAND_3": "65535",
                    "QUANTIZE_CAL_MIN_BAND_3": "1",
                    "QUANTIZE_CAL_MAX_BAND_4": "65535",
                    "QUANTIZE_CAL_MIN_BAND_4": "1",
                    "QUANTIZE_CAL_MAX_BAND_5": "65535",
                    "QUANTIZE_CAL_MIN_BAND_5": "1",
                    "QUANTIZE_CAL_MAX_BAND_6": "65535",
                    "QUANTIZE_CAL_MIN_BAND_6": "1",
                    "QUANTIZE_CAL_MAX_BAND_7": "65535",
                    "QUANTIZE_CAL_MIN_BAND_7": "1",
                    "REFLECTANCE_MULT_BAND_1": "2.75e-05",
                    "REFLECTANCE_MULT_BAND_2": "2.75e-05",
                    "REFLECTANCE_MULT_BAND_3": "2.75e-05",
                    "REFLECTANCE_MULT_BAND_4": "2.75e-05",
                    "REFLECTANCE_MULT_BAND_5": "2.75e-05",
                    "REFLECTANCE_MULT_BAND_6": "2.75e-05",
                    "REFLECTANCE_MULT_BAND_7": "2.75e-05",
                    "REFLECTANCE_ADD_BAND_1": "-0.2",
                    "REFLECTANCE_ADD_BAND_2": "-0.2",
                    "REFLECTANCE_ADD_BAND_3": "-0.2",
                    "REFLECTANCE_ADD_BAND_4": "-0.2",
                    "REFLECTANCE_ADD_BAND_5": "-0.2",
                    "REFLECTANCE_ADD_BAND_6": "-0.2",
                    "REFLECTANCE_ADD_BAND_7": "-0.2"
                },
                "LEVEL2_SURFACE_TEMPERATURE_PARAMETERS": {
                    "TEMPERATURE_MAXIMUM_BAND_ST_B10": "372.999941",
                    "TEMPERATURE_MINIMUM_BAND_ST_B10": "149.003418",
                    "QUANTIZE_CAL_MAXIMUM_BAND_ST_B10": "65535",
                    "QUANTIZE_CAL_MINIMUM_BAND_ST_B10": "1",
                    "TEMPERATURE_MULT_BAND_ST_B10": "0.00341802",
                    "TEMPERATURE_ADD_BAND_ST_B10": "149.0"
                },
                "LEVEL2_BRIGHTNESS_TEMPERATURE_PARAMETERS": {
                    "TEMPERATURE_MAXIMUM_BT_BAND_10": "372.999941",
                    "TEMPERATURE_MINIMUM_BT_BAND_10": "149.003418",
                    "TEMPERATURE_MAXIMUM_BT_BAND_11": "372.999941",
                    "TEMPERATURE_MINIMUM_BT_BAND_11": "149.003418",
                    "QUANTIZE_CAL_MAX_BT_BAND_10": "65535",
                    "QUANTIZE_CAL_MIN_BT_BAND_10": "1",
                    "QUANTIZE_CAL_MAX_BT_BAND_11": "65535",
                    "QUANTIZE_CAL_MIN_BT_BAND_11": "1",
                    "TEMPERATURE_MULT_BT_BAND_10": "0.00341802",
                    "TEMPERATURE_MULT_BT_BAND_11": "0.00341802",
                    "TEMPERATURE_ADD_BT_BAND_10": "149.0",
                    "TEMPERATURE_ADD_BT_BAND_11": "149.0"
                },
                "LEVEL2_TOA_REFLECTANCE_PARAMETERS": {
                    "REFLECTANCE_MAXIMUM_TOA_BAND_1": "1.602213",
                    "REFLECTANCE_MINIMUM_TOA_BAND_1": "-0.199972",
                    "REFLECTANCE_MAXIMUM_TOA_BAND_2": "1.602213",
                    "REFLECTANCE_MINIMUM_TOA_BAND_2": "-0.199972",
                    "REFLECTANCE_MAXIMUM_TOA_BAND_3": "1.602213",
                    "REFLECTANCE_MINIMUM_TOA_BAND_3": "-0.199972",
                    "REFLECTANCE_MAXIMUM_TOA_BAND_4": "1.602213",
                    "REFLECTANCE_MINIMUM_TOA_BAND_4": "-0.199972",
                    "REFLECTANCE_MAXIMUM_TOA_BAND_5": "1.602213",
                    "REFLECTANCE_MINIMUM_TOA_BAND_5": "-0.199972",
                    "REFLECTANCE_MAXIMUM_TOA_BAND_6": "1.602213",
                    "REFLECTANCE_MINIMUM_TOA_BAND_6": "-0.199972",
                    "REFLECTANCE_MAXIMUM_TOA_BAND_7": "1.602213",
                    "REFLECTANCE_MINIMUM_TOA_BAND_7": "-0.199972",
                    "REFLECTANCE_MAXIMUM_TOA_BAND_9": "1.602213",
                    "REFLECTANCE_MINIMUM_TOA_BAND_9": "-0.199972",
                    "QUANTIZE_CAL_MAX_TOA_BAND_1": "65535",
                    "QUANTIZE_CAL_MIN_TOA_BAND_1": "1",
                    "QUANTIZE_CAL_MAX_TOA_BAND_2": "65535",
                    "QUANTIZE_CAL_MIN_TOA_BAND_2": "1",
                    "QUANTIZE_CAL_MAX_TOA_BAND_3": "65535",
                    "QUANTIZE_CAL_MIN_TOA_BAND_3": "1",
                    "QUANTIZE_CAL_MAX_TOA_BAND_4": "65535",
                    "QUANTIZE_CAL_MIN_TOA_BAND_4": "1",
                    "QUANTIZE_CAL_MAX_TOA_BAND_5": "65535",
                    "QUANTIZE_CAL_MIN_TOA_BAND_5": "1",
                    "QUANTIZE_CAL_MAX_TOA_BAND_6": "65535",
                    "QUANTIZE_CAL_MIN_TOA_BAND_6": "1",
                    "QUANTIZE_CAL_MAX_TOA_BAND_7": "65535",
                    "QUANTIZE_CAL_MIN_TOA_BAND_7": "1",
                    "QUANTIZE_CAL_MAX_TOA_BAND_9": "65535",
                    "QUANTIZE_CAL_MIN_TOA_BAND_9": "1",
                    "REFLECTANCE_MULT_TOA_BAND_1": "2.75e-05",
                    "REFLECTANCE_MULT_TOA_BAND_2": "2.75e-05",
                    "REFLECTANCE_MULT_TOA_BAND_3": "2.75e-05",
                    "REFLECTANCE_MULT_TOA_BAND_4": "2.75e-05",
                    "REFLECTANCE_MULT_TOA_BAND_5": "2.75e-05",
                    "REFLECTANCE_MULT_TOA_BAND_6": "2.75e-05",
                    "REFLECTANCE_MULT_TOA_BAND_7": "2.75e-05",
                    "REFLECTANCE_MULT_TOA_BAND_9": "2.75e-05",
                    "REFLECTANCE_ADD_TOA_BAND_1": "-0.2",
                    "REFLECTANCE_ADD_TOA_BAND_2": "-0.2",
                    "REFLECTANCE_ADD_TOA_BAND_3": "-0.2",
                    "REFLECTANCE_ADD_TOA_BAND_4": "-0.2",
                    "REFLECTANCE_ADD_TOA_BAND_5": "-0.2",
                    "REFLECTANCE_ADD_TOA_BAND_6": "-0.2",
                    "REFLECTANCE_ADD_TOA_BAND_7": "-0.2",
                    "REFLECTANCE_ADD_TOA_BAND_9": "-0.2"
                },
                "LEVEL1_PROCESSING_RECORD": {
                    "ORIGIN": "Image courtesy of the U.S. Geological Survey",
                    "DIGITAL_OBJECT_IDENTIFIER": "https://doi.org/10.5066/P99C5E7F",
                    "REQUEST_ID": "L43123639",
                    "LANDSAT_SCENE_ID": "LC80400292020242LGN00",
                    "LANDSAT_PRODUCT_ID": "LC08_L1TP_040029_20200829_20210327_02_A1",
                    "PROCESSING_LEVEL": "L1TP",
                    "COLLECTION_CATEGORY": "A1",
                    "OUTPUT_FORMAT": "GEOTIFF",
                    "DATE_PRODUCT_GENERATED": "2021-03-27T08:31:27Z",
                    "PROCESSING_SOFTWARE_VERSION": "LPGS_15.4.0",
                    "FILE_NAME_BAND_1": "LC08_L1TP_040029_20200829_20210327_02_A1_B1.TIF",
                    "FILE_NAME_BAND_2": "LC08_L1TP_040029_20200829_20210327_02_A1_B2.TIF",
                    "FILE_NAME_BAND_3": "LC08_L1TP_040029_20200829_20210327_02_A1_B3.TIF",
                    "FILE_NAME_BAND_4": "LC08_L1TP_040029_20200829_20210327_02_A1_B4.TIF",
                    "FILE_NAME_BAND_5": "LC08_L1TP_040029_20200829_20210327_02_A1_B5.TIF",
                    "FILE_NAME_BAND_6": "LC08_L1TP_040029_20200829_20210327_02_A1_B6.TIF",
                    "FILE_NAME_BAND_7": "LC08_L1TP_040029_20200829_20210327_02_A1_B7.TIF",
                    "FILE_NAME_BAND_8": "LC08_L1TP_040029_20200829_20210327_02_A1_B8.TIF",
                    "FILE_NAME_BAND_9": "LC08_L1TP_040029_20200829_20210327_02_A1_B9.TIF",
                    "FILE_NAME_BAND_10": "LC08_L1TP_040029_20200829_20210327_02_A1_B10.TIF",
                    "FILE_NAME_BAND_11": "LC08_L1TP_040029_20200829_20210327_02_A1_B11.TIF",
                    "FILE_NAME_QUALITY_L1_PIXEL": "LC08_L1TP_040029_20200829_20210327_02_A1_QA_PIXEL.TIF",
                    "FILE_NAME_QUALITY_L1_RADIOMETRIC_SATURATION": "LC08_L1TP_040029_20200829_20210327_02_A1_QA_RADSAT.TIF",
                    "FILE_NAME_ANGLE_COEFFICIENT": "LC08_L1TP_040029_20200829_20210327_02_A1_ANG.txt",
                    "FILE_NAME_ANGLE_SENSOR_AZIMUTH_BAND_4": "LC08_L1TP_040029_20200829_20210327_02_A1_VAA.TIF",
                    "FILE_NAME_ANGLE_SENSOR_ZENITH_BAND_4": "LC08_L1TP_040029_20200829_20210327_02_A1_VZA.TIF",
                    "FILE_NAME_ANGLE_SOLAR_AZIMUTH_BAND_4": "LC08_L1TP_040029_20200829_20210327_02_A1_SAA.TIF",
                    "FILE_NAME_ANGLE_SOLAR_ZENITH_BAND_4": "LC08_L1TP_040029_20200829_20210327_02_A1_SZA.TIF",
                    "FILE_NAME_METADATA_ODL": "LC08_L1TP_040029_20200829_20210327_02_A1_MTL.txt",
                    "FILE_NAME_METADATA_XML": "LC08_L1TP_040029_20200829_20210327_02_A1_MTL.xml",
                    "FILE_NAME_CPF": "LC08CPF_20200701_20200930_02.04",
                    "FILE_NAME_BPF_OLI": "LO8BPF20200829180408_20200829183934.01",
                    "FILE_NAME_BPF_TIRS": "LT8BPF20200819104803_20200902151510.01",
                    "FILE_NAME_RLUT": "LC08RLUT_20150303_20431231_02_01.h5",
                    "DATA_SOURCE_TIRS_STRAY_LIGHT_CORRECTION": "TIRS",
                    "DATA_SOURCE_ELEVATION": "GLS2000",
                    "GROUND_CONTROL_POINTS_VERSION": "5",
                    "GROUND_CONTROL_POINTS_MODEL": "1026",
                    "GEOMETRIC_RMSE_MODEL": "2.704",
                    "GEOMETRIC_RMSE_MODEL_Y": "1.782",
                    "GEOMETRIC_RMSE_MODEL_X": "2.033"
                }
            }
        ]
    }
}
